Subscription Name,VM Name,Resource Group,Update Group,Location,Maintenance Configuration ID
Sub-MoogComm-Aircraft-Convergence-NonProd,cvg-sim-cmp-licenceserver,CVG-SIM-CMP-RG,SLOW1-Tue-Prod,uksouth,null
Sub-MoogComm-Aircraft-Convergence-NonProd,cvg-sim-img-plantsimvm,CVG-SIM-IMG-RG,SLOW1-Tue-Prod,uksouth,null
Sub-MoogComm-Aircraft-Convergence-NonProd,gbaz1scvgmq01,RG-GBAZ1-CONVERGENCE-SOLUMINA-ACTIVEMQ-SB,SLOW1-Tue-Prod,uksouth,null
Sub-MoogComm-Aircraft-Convergence-NonProd,gbaz1scvgba01,RG-GBAZ1-CVG-CONVERGENCE-BASTION-SB,SLOW1-Tue-Prod,uksouth,null
Sub-MoogComm-Aircraft-Convergence-NonProd,gbaz1ncvgdev1,RG-GBAZ1-CVG-WP2-DEVELOPMENTVMS-NP,SLOW1-Tue-Prod,uksouth,null
Sub-MoogComm-Corp-Analytics-NonProd,0883801064b74f7485fb5abfe624f2aa,DATABRICKS-RG-ADBSUSAE2MEDWDEV-KMDBO5AMWX42K,None,eastus2,null
Sub-MoogComm-Corp-Analytics-NonProd,6708b52908b64467b5a20cb781cfd1e3,DATABRICKS-RG-ADBSUSAE2MEDWDEV-KMDBO5AMWX42K,None,eastus2,null
Sub-MoogComm-Corp-Analytics-NonProd,c4b0b60ab4594ac6a9de55afd74db562,DATABRICKS-RG-ADBSUSAE2MEDWDEV-KMDBO5AMWX42K,None,eastus2,null
Sub-MoogComm-Corp-Analytics-NonProd,e70b07485f7e435bbc4ccfa490aad9d1,DATABRICKS-RG-ADBSUSAE2MEDWDEV-KMDBO5AMWX42K,None,eastus2,null
Sub-MoogComm-Corp-Analytics-NonProd,00ecec0967464387b8af4e6e9b9064dd,DATABRICKS-RG-ADBSUSAE2MEDWQUAL-QPQ5WITASSPIO,None,eastus2,null
Sub-MoogComm-Corp-Analytics-NonProd,0473963129ef474983c3e4ad13728883,DATABRICKS-RG-ADBSUSAE2MEDWQUAL-QPQ5WITASSPIO,None,eastus2,null
Sub-MoogComm-Corp-Analytics-NonProd,0dd857e993a248ef95b3cc42d61345ea,DATABRICKS-RG-ADBSUSAE2MEDWQUAL-QPQ5WITASSPIO,None,eastus2,null
Sub-MoogComm-Corp-Analytics-NonProd,12683e78eb6e4acd8dc088810d9ad454,DATABRICKS-RG-ADBSUSAE2MEDWQUAL-QPQ5WITASSPIO,None,eastus2,null
Sub-MoogComm-Corp-Analytics-NonProd,15f0e825d0f94554b49a128ed29d0771,DATABRICKS-RG-ADBSUSAE2MEDWQUAL-QPQ5WITASSPIO,None,eastus2,null
Sub-MoogComm-Corp-Analytics-NonProd,22a9258eeb4d40a596f5bce52119c2eb,DATABRICKS-RG-ADBSUSAE2MEDWQUAL-QPQ5WITASSPIO,None,eastus2,null
Sub-MoogComm-Corp-Analytics-NonProd,27e96c0693e34afebb008fde193701aa,DATABRICKS-RG-ADBSUSAE2MEDWQUAL-QPQ5WITASSPIO,None,eastus2,null
Sub-MoogComm-Corp-Analytics-NonProd,3e3b18e082b04533bc71f75799378446,DATABRICKS-RG-ADBSUSAE2MEDWQUAL-QPQ5WITASSPIO,None,eastus2,null
Sub-MoogComm-Corp-Analytics-NonProd,59317e5f91cc485a8ed0b097964d62be,DATABRICKS-RG-ADBSUSAE2MEDWQUAL-QPQ5WITASSPIO,None,eastus2,null
Sub-MoogComm-Corp-Analytics-NonProd,5daa2d05ccdf44f680074743f70cd434,DATABRICKS-RG-ADBSUSAE2MEDWQUAL-QPQ5WITASSPIO,None,eastus2,null
Sub-MoogComm-Corp-Analytics-NonProd,667e0371b52c46e2a7de95b62b32be23,DATABRICKS-RG-ADBSUSAE2MEDWQUAL-QPQ5WITASSPIO,None,eastus2,null
Sub-MoogComm-Corp-Analytics-NonProd,7a1a6053ed914e65bcb3854f1839793f,DATABRICKS-RG-ADBSUSAE2MEDWQUAL-QPQ5WITASSPIO,None,eastus2,null
Sub-MoogComm-Corp-Analytics-NonProd,7f07ce23788b46af91898556abfe602e,DATABRICKS-RG-ADBSUSAE2MEDWQUAL-QPQ5WITASSPIO,None,eastus2,null
Sub-MoogComm-Corp-Analytics-NonProd,83b981799b0645bfaa9b12d188851da4,DATABRICKS-RG-ADBSUSAE2MEDWQUAL-QPQ5WITASSPIO,None,eastus2,null
Sub-MoogComm-Corp-Analytics-NonProd,85cedc9ec5134d438713c7faeb6dfa43,DATABRICKS-RG-ADBSUSAE2MEDWQUAL-QPQ5WITASSPIO,None,eastus2,null
Sub-MoogComm-Corp-Analytics-NonProd,9420e970dc174c9780e38d2e60b5365d,DATABRICKS-RG-ADBSUSAE2MEDWQUAL-QPQ5WITASSPIO,None,eastus2,null
Sub-MoogComm-Corp-Analytics-NonProd,9d9217a2143d4c9897ccb2d1c4e10342,DATABRICKS-RG-ADBSUSAE2MEDWQUAL-QPQ5WITASSPIO,None,eastus2,null
Sub-MoogComm-Corp-Analytics-NonProd,9df4ce05b47d49adaf45c2e1f9e7efd7,DATABRICKS-RG-ADBSUSAE2MEDWQUAL-QPQ5WITASSPIO,None,eastus2,null
Sub-MoogComm-Corp-Analytics-NonProd,c67ff5c681ea4e4fa1a80412933a7970,DATABRICKS-RG-ADBSUSAE2MEDWQUAL-QPQ5WITASSPIO,None,eastus2,null
Sub-MoogComm-Corp-Analytics-NonProd,ea8c1e0d0e554e9caf7f29c453dfed64,DATABRICKS-RG-ADBSUSAE2MEDWQUAL-QPQ5WITASSPIO,None,eastus2,null
Sub-MoogComm-Corp-Analytics-NonProd,ffcfef77c6514028a2f2d38e6755f08c,DATABRICKS-RG-ADBSUSAE2MEDWQUAL-QPQ5WITASSPIO,None,eastus2,null
Sub-MoogComm-Corp-Analytics-NonProd,usae2sint01,RG-USAE2-ANALYTICS-SYNAPSE-INTEGRATION-RUNTIME-SB,FAST1-Thur-NonProd,eastus2,null
Sub-MoogComm-Corp-Analytics-NonProd,usae2sint02,RG-USAE2-ANALYTICS-SYNAPSE-IRE-SB,SLOW3-Sun-Prod,eastus2,Slow3-USAE2-Corp-Analytic-NonProd
Sub-MoogComm-Corp-Analytics-NonProd,usae2sint03,RG-USAE2-ANALYTICS-SYNAPSE-IRE-SB,SLOW3-Sun-Prod,eastus2,Slow3-USAE2-Corp-Analytic-NonProd
Sub-MoogComm-Corp-Analytics-NonProd,usae2sint04,RG-USAE2-ANALYTICS-SYNAPSE-IRE-SB,SLOW3-Sun-Prod,eastus2,Slow3-USAE2-Corp-Analytic-NonProd
Sub-MoogComm-Corp-Analytics-NonProd,usae2sint05,RG-USAE2-ANALYTICS-SYNAPSE-IRE-SB,SLOW3-Sun-Prod,eastus2,Slow3-USAE2-Corp-Analytic-NonProd
Sub-MoogComm-Corp-Analytics-UK-NonProd,gbaz1nint01,RG-GBAZ1-ANALYTICS-SYNAPSE-INTEGRATION-RUNTIME-NP,FAST2-Sun-Prod,uksouth,null
Sub-MoogComm-Corp-Analytics-UK-NonProd,gbaz1nint02,RG-GBAZ1-ANALYTICS-SYNAPSE-INTEGRATION-RUNTIME-NP,FAST2-Sun-Prod,uksouth,null
Sub-MoogComm-Corp-Analytics-UK-NonProd,gbaz1nint03,RG-GBAZ1-ANALYTICS-SYNAPSE-INTEGRATION-RUNTIME-NP,FAST2-Sun-Prod,uksouth,null
Sub-MoogComm-Corp-MES-NonProd,usae2svdamq01,RG-USAE2-MES-SOLUMINA-ACTIVEMQ-DEV,FAST1-Thur-NonProd,eastus2,FAST1-USAE2-MES-NonProd
Sub-MoogComm-Corp-MES-NonProd,usae2svnsolba01,RG-USAE2-MES-SOLUMINA-BASTION-NP,FAST1-Thur-NonProd,eastus2,FAST1-USAE2-MES-NonProd
Subscription-Moog-Commercial-Dev/Test,386c16a22d1d435888be4f3436cc3041,DATABRICKS-RG-SFBAGUIODATABRICKS-QSBNAXTYK4OKE,None,eastus2,null
Subscription-Moog-Commercial-Dev/Test,testvm,RG-ALEX-TEST,FAST1-Thur-NonProd,eastus2,Fast1-USAE2-Dev-Test
Subscription-Moog-Commercial-Dev/Test,usae2svqatadf01,RG-USAE2-AUTOTIME-DATAFACTORY-QA,Custom1-Tue-Prod,eastus2,Custom1-USAE2-DevTest
Subscription-Moog-Commercial-Dev/Test,usae2svqatadf02,RG-USAE2-AUTOTIME-DATAFACTORY-QA,Custom2-Thur-Prod,eastus2,Custom2-USAE2-DevTest
Subscription-Moog-Commercial-Dev/Test,BeyondTrust-br.v.2,RG-USAE2-CORE-SECURITY-STORAGE-NP,Appliance,eastus2,null
Subscription-Moog-Commercial-Dev/Test,beyondtrustrs01,RG-USAE2-CORE-SECURITY-STORAGE-NP,Appliance,eastus2,null
Subscription-Moog-Commercial-Dev/Test,beyondtrustrs02,RG-USAE2-CORE-SECURITY-STORAGE-NP,Appliance,eastus2,null
Subscription-Moog-Commercial-Dev/Test,usae2ddashcr01,RG-USAE2-DASHBOARD-COSTARICA-DEV,SLOW3-Sun-Prod,eastus2,null
Subscription-Moog-Commercial-Dev/Test,usae2dbadge01,RG-USAE2-LN-BADGE-DEV,FAST1-Thur-NonProd,eastus2,Fast1-USAE2-Dev-Test
Subscription-Moog-Commercial-Dev/Test,usae2dlndfrt01,RG-USAE2-LN-DFRUNTIME-DEV,FAST1-Thur-NonProd,eastus2,Fast1-USAE2-Dev-Test
Subscription-Moog-Commercial-Dev/Test,usae2xlndfrt01,RG-USAE2-LN-DFRUNTIME-TEST,FAST1-Thur-NonProd,eastus2,Fast1-USAE2-Dev-Test
Subscription-Moog-Commercial-Dev/Test,usae2dinthub01,RG-USAE2-LN-INTHUB-DEV,FAST1-Thur-NonProd,eastus2,Fast1-USAE2-Dev-Test
Subscription-Moog-Commercial-Dev/Test,usaz2svshpexd01,RG-MOOG-SHIPEXEC-DEV,FAST1-Thur-NonProd,centralus,Fast1-USAZ2-DevTest
Subscription-Moog-Commercial-Dev/Test,USAZ2SVSSYNIR01,RG-USAZ2-AIRCRAFTCOMMANDCENTER-SANDBOX,FAST1-Thur-NonProd,centralus,Fast1-USAZ2-DevTest
Subscription-Moog-Commercial-Dev/Test,usaz2svmwapp03,RG-USAZ2-AMERICAS-MOOGWEBCONTENT,FAST1-Thur-NonProd,centralus,Fast1-USAZ2-DevTest
Subscription-Moog-Commercial-Dev/Test,usaz2xautapp01,RG-USAZ2-AUTOMIC-ENGINE-TEST,Custom3-Sun-Prod,centralus,null
Subscription-Moog-Commercial-Dev/Test,usaz2svdatweb01,RG-USAZ2-AUTOTIME-APPLICATION-DEV,Custom1-Tue-Prod,centralus,Custom1-USAZ2
Subscription-Moog-Commercial-Dev/Test,usaz2svqatweb01,RG-USAZ2-AUTOTIME-APPLICATION-QA,Custom1-Tue-Prod,centralus,Custom1-USAZ2
Subscription-Moog-Commercial-Dev/Test,usaz2svqatweb02,RG-USAZ2-AUTOTIME-APPLICATION-QA,Custom2-Thur-Prod,centralus,Custom2-USAZ2-DevTest
Subscription-Moog-Commercial-Dev/Test,usaz2svsatweb01,RG-USAZ2-AUTOTIME-APPLICATION-SB,Custom1-Tue-Prod,centralus,Custom1-USAZ2
Subscription-Moog-Commercial-Dev/Test,usaz2svsatweb02,RG-USAZ2-AUTOTIME-APPLICATION-SB,Custom2-Thur-Prod,centralus,Custom2-USAZ2-DevTest
Subscription-Moog-Commercial-Dev/Test,usaz2svsatweb03,RG-USAZ2-AUTOTIME-APPLICATION-SB,Custom2-Thur-Prod,centralus,Custom2-USAZ2-DevTest
Subscription-Moog-Commercial-Dev/Test,usaz2svdatadf01,RG-USAZ2-AUTOTIME-DATAFACTORY-DEV,Custom1-Tue-Prod,centralus,Custom1-USAZ2
Subscription-Moog-Commercial-Dev/Test,usaz2svqatadf01,RG-USAZ2-AUTOTIME-DATAFACTORY-QA,Custom1-Tue-Prod,centralus,Custom1-USAZ2
Subscription-Moog-Commercial-Dev/Test,usaz2svqatadf02,RG-USAZ2-AUTOTIME-DATAFACTORY-QA,Custom2-Thur-Prod,centralus,Custom2-USAZ2-DevTest
Subscription-Moog-Commercial-Dev/Test,usaz2svdatkc01,RG-USAZ2-AUTOTIME-KEYCLOAK-DEV,Custom1-Tue-Prod,centralus,Custom1-USAZ2
Subscription-Moog-Commercial-Dev/Test,usaz2svqatkc01,RG-USAZ2-AUTOTIME-KEYCLOAK-QA,Custom1-Tue-Prod,centralus,Custom1-USAZ2
Subscription-Moog-Commercial-Dev/Test,usaz2svqatkc02,RG-USAZ2-AUTOTIME-KEYCLOAK-QA,Custom2-Thur-Prod,centralus,Custom2-USAZ2-DevTest
Subscription-Moog-Commercial-Dev/Test,usaz2svsatkc01,RG-USAZ2-AUTOTIME-KEYCLOAK-SB,Custom1-Tue-Prod,centralus,Custom1-USAZ2
Subscription-Moog-Commercial-Dev/Test,usaz2svsatkc02,RG-USAZ2-AUTOTIME-KEYCLOAK-SB,Custom2-Thur-Prod,centralus,Custom2-USAZ2-DevTest
Subscription-Moog-Commercial-Dev/Test,usaz2svdatsvc01,RG-USAZ2-AUTOTIME-SERVICES-DEV,Custom1-Tue-Prod,centralus,Custom1-USAZ2
Subscription-Moog-Commercial-Dev/Test,usaz2svqatsvc01,RG-USAZ2-AUTOTIME-SERVICES-QA,Custom1-Tue-Prod,centralus,Custom1-USAZ2
Subscription-Moog-Commercial-Dev/Test,usaz2svqatsvc02,RG-USAZ2-AUTOTIME-SERVICES-QA,Custom2-Thur-Prod,centralus,Custom2-USAZ2-DevTest
Subscription-Moog-Commercial-Dev/Test,usaz2svdatwebclk01,RG-USAZ2-AUTOTIME-WEBCLOCK-DEV,Custom1-Tue-Prod,centralus,Custom1-USAZ2
Subscription-Moog-Commercial-Dev/Test,usaz2svqatwebclk01,RG-USAZ2-AUTOTIME-WEBCLOCK-QA,Custom1-Tue-Prod,centralus,Custom1-USAZ2
Subscription-Moog-Commercial-Dev/Test,usaz2svqatwebclk02,RG-USAZ2-AUTOTIME-WEBCLOCK-QA,Custom2-Thur-Prod,centralus,Custom2-USAZ2-DevTest
Subscription-Moog-Commercial-Dev/Test,USAZ2SVSADFIDE1,RG-USAZ2-AZUREDATAFACTORY-SANDBOX,FAST1-Thur-NonProd,centralus,Fast1-USAZ2-DevTest
Subscription-Moog-Commercial-Dev/Test,usaz2svncis01,RG-USAZ2-CIS-TEST-NP,FAST1-Thur-NonProd,centralus,Fast1-USAZ2-DevTest
Subscription-Moog-Commercial-Dev/Test,usaz2nxws01,RG-USAZ2-CORPORATE-XEROX-WORKPLACE-APP-NP,FAST1-Thur-NonProd,centralus,Fast1-USAZ2-DevTest
Subscription-Moog-Commercial-Dev/Test,usaz2nxwsps01,RG-USAZ2-CORPORATE-XEROX-WORKPLACE-PRINTSERVER-NP,FAST1-Thur-NonProd,centralus,Fast1-USAZ2-DevTest
Subscription-Moog-Commercial-Dev/Test,usaz2svdfgwdv01,RG-USAZ2-DEV-DISTAPPS,FAST1-Thur-NonProd,centralus,Fast1-USAZ2-DevTest
Subscription-Moog-Commercial-Dev/Test,usaz2svhcmdv01,RG-USAZ2-DEV-DISTAPPS,FAST1-Thur-NonProd,centralus,Fast1-USAZ2-DevTest
Subscription-Moog-Commercial-Dev/Test,usaz2svidmd01,RG-USAZ2-DEV-IDM,FAST1-Thur-NonProd,centralus,Fast1-USAZ2-DevTest
Subscription-Moog-Commercial-Dev/Test,USAZ2SVUIORCD01,RG-USAZ2-DEV-RPA,FAST1-Thur-NonProd,centralus,Fast1-USAZ2-DevTest
Subscription-Moog-Commercial-Dev/Test,USAZ2SVUIWKSD01,RG-USAZ2-DEV-RPA,FAST1-Thur-NonProd,centralus,Fast1-USAZ2-DevTest
Subscription-Moog-Commercial-Dev/Test,USAZ2SVUIWKSD02,RG-USAZ2-DEV-RPA,FAST1-Thur-NonProd,centralus,Fast1-USAZ2-DevTest
Subscription-Moog-Commercial-Dev/Test,USAZ2SVUIWKSD03,RG-USAZ2-DEV-RPA,FAST1-Thur-NonProd,centralus,Fast1-USAZ2-DevTest
Subscription-Moog-Commercial-Dev/Test,USAZ2SVUIWKSD04,RG-USAZ2-DEV-RPA,FAST1-Thur-NonProd,centralus,Fast1-USAZ2-DevTest
Subscription-Moog-Commercial-Dev/Test,USAZ2SVUIWKSD05,RG-USAZ2-DEV-RPA,FAST1-Thur-NonProd,centralus,Fast1-USAZ2-DevTest
Subscription-Moog-Commercial-Dev/Test,USAZ2SVUIWKSD06,RG-USAZ2-DEV-RPA,FAST1-Thur-NonProd,centralus,Fast1-USAZ2-DevTest
Subscription-Moog-Commercial-Dev/Test,USAZ2SVUIWKSD07,RG-USAZ2-DEV-RPA,FAST1-Thur-NonProd,centralus,Fast1-USAZ2-DevTest
Subscription-Moog-Commercial-Dev/Test,USAZ2SVESARD01,RG-USAZ2-ESAR-DEV,FAST1-Thur-NonProd,centralus,Fast1-USAZ2-DevTest
Subscription-Moog-Commercial-Dev/Test,USAZ2SVOPDGWD01,RG-USAZ2-ON-PREM-DATA_GATEWAY,FAST1-Thur-NonProd,centralus,Fast1-USAZ2-DevTest
Subscription-Moog-Commercial-Dev/Test,usaz2nadb01,RG-USAZ2-POC-ADBRIDGE-TESTING-NP,SLOW1-Tue-Prod,centralus,Slow1-USAZ-DevTest
Subscription-Moog-Commercial-Dev/Test,gbaz1dindysft01,RG-GBAZ1-CORP-INDYSOFT-DEV,FAST2-Sun-Prod,uksouth,Fast2-GBAZ1-Comm-DevTest
Moog-Azure-IaaS,USAE2SVCORPDC01,RG-MOOG-AMERICAS-DIRECTORY,SCCM,eastus2,Slow3-USAZ-Azure-IaaS
Moog-Azure-IaaS,USAE2SVMOOGADDV,RG-MOOG-AMERICAS-DIRECTORY,SCCM,eastus2,Custom2-SGAZ1-Azure-IaaS
Moog-Azure-IaaS,usae2svpcaasdc1,RG-MOOG-AMERICAS-DIRECTORY,SCCM,eastus2,Slow3-USAZ-Azure-IaaS
Moog-Azure-IaaS,USAE2WAP03,RG-MOOG-AMERICAS-DIRECTORY,SCCM,eastus2,Slow3-USAZ-Azure-IaaS
Moog-Azure-IaaS,USAE2WAP04,RG-MOOG-AMERICAS-DIRECTORY,SCCM,eastus2,Custom2-SGAZ1-Azure-IaaS
Moog-Azure-IaaS,USAzureADDS01,RG-MOOG-AMERICAS-DIRECTORY,SCCM,eastus2,Slow3-USAZ-Azure-IaaS
Moog-Azure-IaaS,USAzureADDS02,RG-MOOG-AMERICAS-DIRECTORY,SCCM,eastus2,Custom2-SGAZ1-Azure-IaaS
Moog-Azure-IaaS,USAzureADFS03,RG-MOOG-AMERICAS-DIRECTORY,Custom2-Thur-Prod,eastus2,Custom2-SGAZ1-Azure-IaaS
Moog-Azure-IaaS,USAzureADFS04,RG-MOOG-AMERICAS-DIRECTORY,Custom3-Sun-Prod,eastus2,Custom3-USAE2-Azure-IaaS
Moog-Azure-IaaS,USAzureAUDC01,RG-MOOG-AMERICAS-DIRECTORY,SCCM,eastus2,Custom2-SGAZ1-Azure-IaaS
Moog-Azure-IaaS,USAzureBRDC01,RG-MOOG-AMERICAS-DIRECTORY,SCCM,eastus2,Custom2-SGAZ1-Azure-IaaS
Moog-Azure-IaaS,USAzureCHIDC01,RG-MOOG-AMERICAS-DIRECTORY,SCCM,eastus2,Slow3-USAZ-Azure-IaaS
Moog-Azure-IaaS,USAzureCHTDC01,RG-MOOG-AMERICAS-DIRECTORY,SCCM,eastus2,Custom2-SGAZ1-Azure-IaaS
Moog-Azure-IaaS,USAzureCNDC01,RG-MOOG-AMERICAS-DIRECTORY,SCCM,eastus2,Custom2-SGAZ1-Azure-IaaS
Moog-Azure-IaaS,USAzureCORPDVDC,RG-MOOG-AMERICAS-DIRECTORY,SCCM,eastus2,Slow3-USAZ-Azure-IaaS
Moog-Azure-IaaS,USAzureDEDC01,RG-MOOG-AMERICAS-DIRECTORY,SCCM,eastus2,Custom2-SGAZ1-Azure-IaaS
Moog-Azure-IaaS,USAzureIEDC01,RG-MOOG-AMERICAS-DIRECTORY,SCCM,eastus2,Custom2-SGAZ1-Azure-IaaS
Moog-Azure-IaaS,USAzureINDC01,RG-MOOG-AMERICAS-DIRECTORY,SCCM,eastus2,Custom2-SGAZ1-Azure-IaaS
Moog-Azure-IaaS,USAzureITDC01,RG-MOOG-AMERICAS-DIRECTORY,SCCM,eastus2,Custom2-SGAZ1-Azure-IaaS
Moog-Azure-IaaS,USAzureJPDC01,RG-MOOG-AMERICAS-DIRECTORY,SCCM,eastus2,Custom2-SGAZ1-Azure-IaaS
Moog-Azure-IaaS,USAzureKRDC01,RG-MOOG-AMERICAS-DIRECTORY,SCCM,eastus2,Custom2-SGAZ1-Azure-IaaS
Moog-Azure-IaaS,USAZURELPSAD01,RG-MOOG-AMERICAS-DIRECTORY,SCCM,eastus2,Slow3-USAZ-Azure-IaaS
Moog-Azure-IaaS,USAzureLUDC01,RG-MOOG-AMERICAS-DIRECTORY,SCCM,eastus2,Custom2-SGAZ1-Azure-IaaS
Moog-Azure-IaaS,USAzureMIM01,RG-MOOG-AMERICAS-DIRECTORY,Custom3-Sun-Prod,eastus2,Custom3-USAE2-Azure-IaaS
Moog-Azure-IaaS,USAzureMINCDVDC,RG-MOOG-AMERICAS-DIRECTORY,SCCM,eastus2,Custom2-SGAZ1-Azure-IaaS
Moog-Azure-IaaS,USAzureMOOGDC01,RG-MOOG-AMERICAS-DIRECTORY,SCCM,eastus2,Custom2-SGAZ1-Azure-IaaS
Moog-Azure-IaaS,USAzureNLDC01,RG-MOOG-AMERICAS-DIRECTORY,SCCM,eastus2,Custom2-SGAZ1-Azure-IaaS
Moog-Azure-IaaS,USAzureORRDC01,RG-MOOG-AMERICAS-DIRECTORY,SCCM,eastus2,Slow3-USAZ-Azure-IaaS
Moog-Azure-IaaS,USAzurePHDC01,RG-MOOG-AMERICAS-DIRECTORY,SCCM,eastus2,Custom2-SGAZ1-Azure-IaaS
Moog-Azure-IaaS,USAzureSGDC01,RG-MOOG-AMERICAS-DIRECTORY,SCCM,eastus2,Custom2-SGAZ1-Azure-IaaS
Moog-Azure-IaaS,USAzureSLCDC01,RG-MOOG-AMERICAS-DIRECTORY,SCCM,eastus2,Slow3-USAZ-Azure-IaaS
Moog-Azure-IaaS,USAZURESLMDC01,RG-MOOG-AMERICAS-DIRECTORY,SCCM,eastus2,Custom2-SGAZ1-Azure-IaaS
Moog-Azure-IaaS,USAzureTORDC01,RG-MOOG-AMERICAS-DIRECTORY,SCCM,eastus2,Slow3-USAZ-Azure-IaaS
Moog-Azure-IaaS,USAzureUKDC01,RG-MOOG-AMERICAS-DIRECTORY,SCCM,eastus2,Slow3-USAZ-Azure-IaaS
Moog-Azure-IaaS,USAE2HAPROXY1,RG-MOOG-AMERICAS-HAPROXY,Appliance,eastus2,null
Moog-Azure-IaaS,USAE2HAPROXY2,RG-MOOG-AMERICAS-HAPROXY,Appliance,eastus2,null
Moog-Azure-IaaS,USAzureHRApp01,RG-MOOG-AMERICAS-HR,SLOW1-Tue-Prod,eastus2,Slow1-USAE2-Azure-IaaS
Moog-Azure-IaaS,usae2svindysoft,RG-MOOG-AMERICAS-INDYSOFTWARE,SLOW3-Sun-Prod,eastus2,Slow3-USAE2-Azure-IaaS
Moog-Azure-IaaS,USAzureAPERIO01,RG-MOOG-AMERICAS-IWIN,SLOW1-Tue-Prod,eastus2,Slow1-USAE2-Azure-IaaS
Moog-Azure-IaaS,USAzureLSWP03,RG-MOOG-AMERICAS-LANSWEEPER,SLOW1-Tue-Prod,eastus2,Slow1-USAE2-Azure-IaaS
Moog-Azure-IaaS,USAzureLSWP04,RG-MOOG-AMERICAS-LANSWEEPER,SLOW3-Sun-Prod,eastus2,Slow3-USAE2-Azure-IaaS
Moog-Azure-IaaS,USAE2LRNGDC1,RG-MOOG-AMERICAS-LOGRHYTHM-NGDC,Appliance,eastus2,null
Moog-Azure-IaaS,USAE2LRNGDC2,RG-MOOG-AMERICAS-LOGRHYTHM-NGDC,Appliance,eastus2,null
Moog-Azure-IaaS,USAE2LRNGDC3,RG-MOOG-AMERICAS-LOGRHYTHM-NGDC,Appliance,eastus2,null
Moog-Azure-IaaS,USAzureLRAIE01,RG-MOOG-AMERICAS-LOGRHYTHM,Custom3-Sun-Prod,eastus2,Custom3-USAE2-Azure-IaaS
Moog-Azure-IaaS,USAzureLRDC01,RG-MOOG-AMERICAS-LOGRHYTHM,Custom1-Tue-Prod,eastus2,Custom1-USAE2-Azure-IaaS
Moog-Azure-IaaS,usazurelrdc02,RG-MOOG-AMERICAS-LOGRHYTHM,Custom2-Thur-Prod,eastus2,Custom2-SGAZ1-Azure-IaaS
Moog-Azure-IaaS,USAZURELRDC03,RG-MOOG-AMERICAS-LOGRHYTHM,Custom2-Thur-Prod,eastus2,Custom2-SGAZ1-Azure-IaaS
Moog-Azure-IaaS,USAzureLRDP01,RG-MOOG-AMERICAS-LOGRHYTHM,Custom3-Sun-Prod,eastus2,Custom3-USAE2-Azure-IaaS
Moog-Azure-IaaS,USAzureLRDP02,RG-MOOG-AMERICAS-LOGRHYTHM,Custom3-Sun-Prod,eastus2,Custom3-USAE2-Azure-IaaS
Moog-Azure-IaaS,USAZURESQL16P3,RG-MOOG-AMERICAS-SQLHA,Custom2-Thur-Prod,centralus,Custom2-USAZ2-Azure-IaaS
Moog-Azure-IaaS,usaz2svacard01,RG-MOOG-CENTRAL-AAA,SCCM,centralus,Custom2-SGAZ1-Azure-IaaS
Moog-Azure-IaaS,usaz2svpatadf01,RG-USAZ2-AUTOTIME-DATAFACTORY,Autotime-Production-1,centralus,null
Moog-Azure-IaaS,usaz2svpatadf02,RG-USAZ2-AUTOTIME-DATAFACTORY,Autotime Production 2,centralus,null
Moog-Azure-IaaS,usaz2svpcaasdc1,RG-USAZ2-DIRECTORY,SCCM,centralus,Slow3-USAZ-Azure-IaaS
Moog-Azure-IaaS,USAzureNDES,RG-USAZ2-NDES,SLOW3-Sun-Prod,centralus,Slow3-USAE2-Azure-IaaS
Moog-Azure-IaaS,USAZ2SVPOSFS01,RG-USAZ2-ONESTREAM-PROD,SLOW3-Sun-Prod,centralus,Slow3-USAE2-Azure-IaaS
Moog-Azure-IaaS,USAZ2SVOSFSQ01,RG-USAZ2-ONESTREAM-QA,SLOW3-Sun-Prod,centralus,Slow3-USAZ-Azure-IaaS
Moog-Azure-IaaS,IEAZ1SV-VCE01,RG-IEAZ1-NETWORK,Appliance,northeurope,null
Moog-Azure-IaaS,IEAZ1SVVCEJMP01,RG-IEAZ1-NETWORK,Custom3-Sun-Prod,northeurope,Custom3-IEAZ1-Azure-IaaS
Moog-Azure-IaaS,veeam-proxy-appliance-2b31e5c0-371c-4321-b271-044cba6fc7c7,VEEAM-AUTO-0550518F-5049-4CF4-A9C3-74CA749950CF,None,northeurope,null
Moog-Azure-IaaS,veeam-proxy-appliance-597fe352-1684-44d4-9e99-a3db93423b18,VEEAM-AUTO-0550518F-5049-4CF4-A9C3-74CA749950CF,None,northeurope,null
Moog-Azure-IaaS,nlaw2ptststnd01,RG-NLAW2-IG-CHINA-TESTSTAND,FAST2-Sun-Prod,westeurope,null
Moog-Azure-IaaS,nlaw2pslmsql01,RG-NLAW2-IG-SLM-SQL2019,SLOW3-Sun-Prod,westeurope,Slow3-USAE2-Azure-IaaS
Moog-Azure-IaaS,NLAW2WKSQA,RG-NLAW2-JENKINS,SLOW3-Sun-Prod,westeurope,Slow3-USAZ-Azure-IaaS
Moog-Azure-IaaS,NLAW2SVPLSEMA01,RG-NLAW2-LNSWP-EMEA-PROD,SLOW3-Sun-Prod,westeurope,Slow3-USAE2-Azure-IaaS
Moog-Azure-IaaS,NLAW2SVPLSEMA02,RG-NLAW2-LNSWP-EMEA-PROD,SLOW3-Sun-Prod,westeurope,Slow3-USAE2-Azure-IaaS
Moog-Azure-IaaS,NLAW2SVPPAUID01,RG-NLAW2-PALOALTO-USERIDAGENT,SLOW3-Sun-Prod,westeurope,Slow3-USAE2-Azure-IaaS
Moog-Azure-IaaS,NLAW2SVPPAUID02,RG-NLAW2-PALOALTO-USERIDAGENT,SLOW3-Sun-Prod,westeurope,Slow3-USAZ-Azure-IaaS
Moog-Azure-IaaS,nlaw2pnugg01,RG-NLAW2-PAYROLL-NUGGET-APPLICATION,FAST2-Sun-Prod,westeurope,null
Moog-Azure-IaaS,NLAW2SVMDGPDM01,RG-NLAW2-PRD-MDGSOLIDWORKS,SLOW2-Thur-Prod,westeurope,null
Moog-Azure-IaaS,nlaw2pcrtath01,RG-NLAW2-SECURITY-CA-ISSUING-SERVER,SLOW3-Sun-Prod,westeurope,Slow3-USAZ-Azure-IaaS
Moog-Azure-IaaS,NLAW2SVDMIDSN01,RG-NLAW2-SERVICENOW,FAST1-Thur-NonProd,westeurope,null
Moog-Azure-IaaS,NLAW2SVPMIDSN01,RG-NLAW2-SERVICENOW,SLOW1-Tue-Prod,westeurope,null
Moog-Azure-IaaS,NLAW2SVPMIDSN02,RG-NLAW2-SERVICENOW,SLOW2-Thur-Prod,westeurope,null
Moog-Azure-IaaS,NLAW2SVPMIDSN03,RG-NLAW2-SERVICENOW,SLOW2-Thur-Prod,westeurope,null
Moog-Azure-IaaS,NLAW2SVPCURL801,RG-NLAW2-SLM-CURLIN,FAST2-Sun-Prod,westeurope,null
Moog-Azure-IaaS,NLAW2SVPCURL802,RG-NLAW2-SLM-CURLIN,FAST2-Sun-Prod,westeurope,null
Moog-Azure-IaaS,NLAW2SVSLMDev1,RG-NLAW2-SLMDEV,FAST1-Thur-NonProd,westeurope,null
Moog-Azure-IaaS,nlaw2plivlr01,RG-NLAW2-VEEAM-BACKUP-STORAGE-PROXY,SLOW1-Tue-Prod,westeurope,null
Moog-Azure-IaaS,nlaw2svemeavbr1,RG-NLAW2-VEEAM,042-Manual,westeurope,null
Moog-Azure-IaaS,NLAW2SVPVBOM01,RG-NLAW2-VEEAM,SLOW1-Tue-Prod,westeurope,null
Moog-Azure-IaaS,nlaw2svvbop01,RG-NLAW2-VEEAM,Custom1-Tue-Prod,westeurope,Custom1-NLAW2-Azure-IaaS
Moog-Azure-IaaS,nlaw2svvlp02,RG-NLAW2-VEEAM,Custom1-Tue-Prod,westeurope,Custom1-NLAW2-Azure-IaaS
Moog-Azure-IaaS,nlaw2svvsql01,RG-NLAW2-VEEAM,Custom1-Tue-Prod,westeurope,Custom1-NLAW2-Azure-IaaS
Moog-Azure-IaaS,SGAZ1SVDEIPSD01,RG-SGAZ1-DELTA_ENTERAL_PUMP-DEV,FAST1-Thur-NonProd,southeastasia,Fast1SoutheastAsiaAzureIaaS
Moog-Azure-IaaS,SGAZ1SVPLSAPC01,RG-SGAZ1-LNSWP-APAC-PROD,SLOW3-Sun-Prod,southeastasia,Slow-SGAZ1-Azure-IaaS
Moog-Azure-IaaS,SGAZ1SVPLSAPC02,RG-SGAZ1-LNSWP-APAC-PROD,SLOW3-Sun-Prod,southeastasia,Slow-SGAZ1-Azure-IaaS
Moog-Azure-IaaS,SGAZ1SVLRDC01,RG-SGAZ1-LOGRHYTHM,Custom3-Sun-Prod,southeastasia,Custom3-SGAZ1-Azure-IaaS
Moog-Azure-IaaS,SGAZ1SV-VCE01,RG-SGAZ1-NETWORK,Appliance,southeastasia,null
Moog-Azure-IaaS,SGAZ1SVVCEJMP01,RG-SGAZ1-NETWORK,FAST1-Thur-NonProd,southeastasia,Fast1SoutheastAsiaAzureIaaS
Moog-Azure-IaaS,SGAZ1SVPPAUID01,RG-SGAZ1-PALOALTO-USERIDAGENT,SLOW3-Sun-Prod,southeastasia,Slow3-USAZ-Azure-IaaS
Moog-Azure-IaaS,SGAZ1SVPPAUID02,RG-SGAZ1-PALOALTO-USERIDAGENT,SLOW3-Sun-Prod,southeastasia,Slow3-USAE2-Azure-IaaS
Moog-Azure-IaaS,SGAZ1SVDMIDSN01,RG-SGAZ1-SERVICENOW,FAST1-Thur-NonProd,southeastasia,Fast1SoutheastAsiaAzureIaaS
Moog-Azure-IaaS,SGAZ1SVPMIDSN01,RG-SGAZ1-SERVICENOW,SLOW3-Sun-Prod,southeastasia,Slow3-USAZ-Azure-IaaS
Moog-Azure-IaaS,SGAZ1SVPMIDSN02,RG-SGAZ1-SERVICENOW,SLOW2-Thur-Prod,southeastasia,null
Moog-Azure-IaaS,SGAZ1SVPMIDSN03,RG-SGAZ1-SERVICENOW,SLOW2-Thur-Prod,southeastasia,null
Moog-Azure-IaaS,sgsi1svfil01,RG-SGAZ1-SGSI1-DATACENTER,042-Manual,southeastasia,null
Moog-Azure-IaaS,SGAZ1SVPTCVOL01,RG-SGAZ1-TEAMCENTER-PROD,SLOW3-Sun-Prod,southeastasia,Slow3-USAZ-Azure-IaaS
Moog-Azure-IaaS,sgaz1plivlr01,RG-SGAZ1-VEEAM-BACKUP-STORAGE-PROXY,SLOW1-Tue-Prod,southeastasia,null
Moog-Azure-IaaS,veeam-linux-helper-appliance-ht4xp,RG-SGAZ1-VEEAM-CHINA,Appliance,southeastasia,null
Moog-Azure-IaaS,sgaz1svapacvbr1,RG-SGAZ1-VEEAM,042-Manual,southeastasia,null
Moog-Azure-IaaS,sgaz1svcnvbr1,RG-SGAZ1-VEEAM,SCCM,southeastasia,Custom2-SGAZ1-Azure-IaaS
Moog-Azure-IaaS,SGAZ1SVPVBOM01,RG-SGAZ1-VEEAM,SLOW1-Tue-Prod,southeastasia,null
Moog-Azure-IaaS,sgaz1svvbop01,RG-SGAZ1-VEEAM,Custom1-Tue-Prod,southeastasia,Custom1-SGAZ1-Azure-IaaS
Moog-Azure-IaaS,sgaz1svvlp01,RG-SGAZ1-VEEAM,Custom1-Tue-Prod,southeastasia,Custom1-SGAZ1-Azure-IaaS
Moog-Azure-IaaS,sgaz1svvsql01,RG-SGAZ1-VEEAM,Custom2-Thur-Prod,southeastasia,Custom2-SGAZ1-Azure-IaaS
Moog-Azure-IaaS,AUAZ1SV-VCE01,RG-AUAZ1-NETWORK,Appliance,australiaeast,null
Moog-Azure-IaaS,AUAZ1SVVCEJMP01,RG-AUAZ1-NETWORK,Custom3-Sun-Prod,australiaeast,Custom3-AUAZ1-Azure-IaaS
Moog-Azure-IaaS,auaz1plivlr01,RG-AUAZ1-VEEAM-BACKUP-STORAGE-PROXY,SLOW1-Tue-Prod,australiaeast,null
Moog-Azure-IaaS,AUAZ1SVVLP01,RG-AUAZ1-VEEAM,Custom1-Tue-Prod,australiaeast,null
Moog-Azure-IaaS,caaz1xxecm01,RG-CAAZ1-IGSAP-OPENTEXT-ARCHIVECENTER-TEST,SLOW3-Sun-Prod,canadacentral,Slow3-USAE2-Azure-IaaS
Moog-Azure-IaaS,caaz1pxecm01,RG-CAAZ1-IGSAP-OPENTEXT-ARCHIVECENTER,SLOW3-Sun-Prod,canadacentral,Slow3-USAE2-Azure-IaaS
Moog-Azure-IaaS,CAAZ1SV-VCE01,RG-CAAZ1-NETWORK,Appliance,canadacentral,null
Moog-Azure-IaaS,CAAZ1SVVCEJMP01,RG-CAAZ1-NETWORK,Custom3-Sun-Prod,canadacentral,Custom3-CAAZ1-Azure-IaaS
Moog-Azure-IaaS,caaz1xotacsql01,RG-CAAZ1-SAP-OTAC-SQL-TEST,FAST2-Sun-Prod,canadacentral,Fast2-CAAZ-Azure-IaaS
Moog-Azure-IaaS,caaz1potacsql01,RG-CAAZ1-SAP-OTAC-SQL,SLOW3-Sun-Prod,canadacentral,Slow3-USAZ-Azure-IaaS
Moog-Azure-IaaS,caaz1plivlr01,RG-CAAZ1-VEEAM-BACKUP-STORAGE-PROXY,SLOW1-Tue-Prod,canadacentral,Slow1-CAAZ-Azure-IaaS
Moog-Azure-IaaS,CAAZ1SVVLP01,RG-CAAZ1-VEEAM,Custom1-Tue-Prod,canadacentral,Custom1-CAAZ1-Azure-IaaS
Moog-Azure-IaaS,gbaz1pisoma01,RG-GBAZ1-CORP-ISOMA-APPLICATION,SLOW1-Tue-Prod,uksouth,null
Moog-Azure-IaaS,GBAZ1SVPSAPIG01,RG-GBAZ1-DIRECTORY,SCCM,uksouth,Custom2-SGAZ1-Azure-IaaS
Moog-Azure-IaaS,GBAZ1SVHCMD01,RG-GBAZ1-HCM,FAST1-Thur-NonProd,uksouth,Fast1-GBAZ-Azure-IaaS
Moog-Azure-IaaS,GBAZ1SVHCMP01,RG-GBAZ1-HCM,SLOW1-Tue-Prod,uksouth,null
Moog-Azure-IaaS,gbaz1svHORIZ01,RG-GBAZ1-HORIZONS,Custom3-Sun-Prod,uksouth,null
Moog-Azure-IaaS,GBAZ1SVINDYSP01,RG-GBAZ1-INDYSOFT,SLOW3-Sun-Prod,uksouth,Slow3-USAZ-Azure-IaaS
Moog-Azure-IaaS,GBAZ1SVLTNSQL01,RG-GBAZ1-LUTON-ERP-WINMAN,SLOW1-Tue-Prod,uksouth,null
Moog-Azure-IaaS,gbaz1svdfactd01,RG-GBAZ1-MCG-BI,FAST1-Thur-NonProd,uksouth,Fast1-GBAZ-Azure-IaaS
Moog-Azure-IaaS,gbaz1svdfactp01,RG-GBAZ1-MCG-BI,SLOW3-Sun-Prod,uksouth,Slow3-USAZ-Azure-IaaS
Moog-Azure-IaaS,GBAZ1SVNPPBIR01,RG-GBAZ1-POWERBI-REPORT-NP,FAST1-Thur-NonProd,uksouth,Fast1-GBAZ-Azure-IaaS
Moog-Azure-IaaS,GBAZ1SVNPPBIR02,RG-GBAZ1-POWERBI-REPORT-NP,FAST1-Thur-NonProd,uksouth,Fast1-GBAZ-Azure-IaaS
Moog-Azure-IaaS,GBAZ1SVPVBOM01,RG-GBAZ1-VEEAM,SLOW1-Tue-Prod,uksouth,null
Moog-Azure-IaaS,GBAZ1SVVBOP01,RG-GBAZ1-VEEAM,Custom1-Tue-Prod,uksouth,Custom1-GBAZ-Azure-IaaS
Moog-Azure-IaaS,GBAZ1SVVBOP02,RG-GBAZ1-VEEAM,Custom1-Tue-Prod,uksouth,Custom1-GBAZ-Azure-IaaS
Moog-Azure-IaaS,DEAZ1SV-VCE01,RG-DEAZ1-NETWORK,Appliance,germanywestcentral,null
Moog-Azure-IaaS,DEAZ1SVVCEJMP01,RG-DEAZ1-NETWORK,Custom3-Sun-Prod,germanywestcentral,Custom3-DEAZ1-Azure-IaaS
Moog-Azure-IaaS,deaz1pnexpose01,RG-DEAZ1-SECURITY-NEXPOSE-RAPID7,Appliance,germanywestcentral,null
Moog-Azure-IaaS,deaz1plivlr01,RG-DEAZ1-VEEAM-BACKUP-STORAGE-PROXY,SLOW1-Tue-Prod,germanywestcentral,null
Moog-Azure-IaaS,deaz1svvbop01,RG-DEAZ1-VEEAM,Custom1-Tue-Prod,germanywestcentral,Custom1-DEAZ1-Azure-IaaS
Moog-Azure-IaaS,DEAZ1SVVLP01,RG-DEAZ1-VEEAM,SCCM,germanywestcentral,Custom2-SGAZ1-Azure-IaaS
Moog-Azure-IaaS,USAZURELRDX05,RG-MOOG-AMERICAS-LOGRHYTHM,Appliance,eastus2,null
Moog-Azure-IaaS,USAzureLRJUMP01,RG-MOOG-AMERICAS-LOGRHYTHM,Custom3-Sun-Prod,eastus2,Custom3-USAE2-Azure-IaaS
Moog-Azure-IaaS,USAzureLRMET01,RG-MOOG-AMERICAS-LOGRHYTHM,Appliance,eastus2,null
Moog-Azure-IaaS,USAzureLRPM01,RG-MOOG-AMERICAS-LOGRHYTHM,Custom3-Sun-Prod,eastus2,Custom3-USAE2-Azure-IaaS
Moog-Azure-IaaS,USAzureLRWUI01,RG-MOOG-AMERICAS-LOGRHYTHM,Custom3-Sun-Prod,eastus2,Custom3-USAE2-Azure-IaaS
Moog-Azure-IaaS,USAZURELRWUI02,RG-MOOG-AMERICAS-LOGRHYTHM,Custom3-Sun-Prod,eastus2,Custom3-USAE2-Azure-IaaS
Moog-Azure-IaaS,USAzureDMIMDC,RG-MOOG-AMERICAS-MIMDEV,FAST1-Thur-NonProd,eastus2,null
Moog-Azure-IaaS,USAzureDMIMSvr1,RG-MOOG-AMERICAS-MIMDEV,FAST1-Thur-NonProd,eastus2,null
Moog-Azure-IaaS,USAzurePMIMDW1,RG-MOOG-AMERICAS-MIMPROD,SLOW3-Sun-Prod,eastus2,Slow3-USAZ-Azure-IaaS
Moog-Azure-IaaS,USAzurePMIMSP1,RG-MOOG-AMERICAS-MIMPROD,SLOW3-Sun-Prod,eastus2,Slow3-USAZ-Azure-IaaS
Moog-Azure-IaaS,USAzurePMIMSyn1,RG-MOOG-AMERICAS-MIMPROD,SLOW3-Sun-Prod,eastus2,Slow3-USAE2-Azure-IaaS
Moog-Azure-IaaS,USAzurePMIMSyn2-r,RG-MOOG-AMERICAS-MIMPROD,SLOW3-Sun-Prod,eastus2,Slow3-USAE2-Azure-IaaS
Moog-Azure-IaaS,USAzureSMIMSP1,RG-MOOG-AMERICAS-MIMSTAGING,SLOW2-Thur-Prod,eastus2,Slow2-USAE2-Azure-IaaS
Moog-Azure-IaaS,USAzureSMIMSyn1,RG-MOOG-AMERICAS-MIMSTAGING,SLOW2-Thur-Prod,eastus2,Slow2-USAE2-Azure-IaaS
Moog-Azure-IaaS,USAzureMWApp01,RG-MOOG-AMERICAS-MOOGWEBCONTENT,SLOW1-Tue-Prod,eastus2,Slow1-USAE2-Azure-IaaS
Moog-Azure-IaaS,USAzureRDBrkr01,RG-MOOG-AMERICAS-RDSFARM,SLOW2-Thur-Prod,eastus2,Slow2-USAE2-Azure-IaaS
Moog-Azure-IaaS,USAzureRDBrkr02,RG-MOOG-AMERICAS-RDSFARM,SLOW3-Sun-Prod,eastus2,Slow3-USAZ-Azure-IaaS
Moog-Azure-IaaS,USAzureRDSess01,RG-MOOG-AMERICAS-RDSFARM,SLOW1-Tue-Prod,eastus2,Slow1-USAE2-Azure-IaaS
Moog-Azure-IaaS,USAzureRDSess02,RG-MOOG-AMERICAS-RDSFARM,SLOW2-Thur-Prod,eastus2,Slow2-USAE2-Azure-IaaS
Moog-Azure-IaaS,USAZURERDUPD01,RG-MOOG-AMERICAS-RDSFARM,SLOW3-Sun-Prod,eastus2,Slow3-USAE2-Azure-IaaS
Moog-Azure-IaaS,USAZURERDUPD02,RG-MOOG-AMERICAS-RDSFARM,SLOW3-Sun-Prod,eastus2,Slow3-USAZ-Azure-IaaS
Moog-Azure-IaaS,USAzureRDWeb01,RG-MOOG-AMERICAS-RDSFARM,SLOW3-Sun-Prod,eastus2,Slow3-USAZ-Azure-IaaS
Moog-Azure-IaaS,USAzureRDWeb02,RG-MOOG-AMERICAS-RDSFARM,SLOW3-Sun-Prod,eastus2,Slow3-USAE2-Azure-IaaS
Moog-Azure-IaaS,USAE2SVDMIDSN01,RG-MOOG-AMERICAS-SERVICENOW,FAST1-Thur-NonProd,eastus2,null
Moog-Azure-IaaS,usae2svpmidsn01,RG-MOOG-AMERICAS-SERVICENOW,SLOW1-Tue-Prod,eastus2,Slow1-USAE2-Azure-IaaS
Moog-Azure-IaaS,USAZURESLMPY1,RG-MOOG-AMERICAS-SLMPRO2,SLOW3-Sun-Prod,eastus2,Slow3-USAE2-Azure-IaaS
Moog-Azure-IaaS,USAzureSQL16FSW,RG-MOOG-AMERICAS-SQLHA,Custom1-Tue-Prod,eastus2,Custom1-USAE2-Azure-IaaS
Moog-Azure-IaaS,USAzureSQL16P1,RG-MOOG-AMERICAS-SQLHA,SLOW1-Tue-Prod,eastus2,Slow1-USAE2-Azure-IaaS
Moog-Azure-IaaS,USAzureSQL16P2,RG-MOOG-AMERICAS-SQLHA,SLOW2-Thur-Prod,eastus2,Slow2-USAE2-Azure-IaaS
Moog-Azure-IaaS,USAE2PROXY01,RG-MOOG-AMERICAS-SQUIDPROXY,Appliance,eastus2,null
Moog-Azure-IaaS,USAE2PROXY02,RG-MOOG-AMERICAS-SQUIDPROXY,Appliance,eastus2,null
Moog-Azure-IaaS,USAzureMCGPrint,RG-MOOG-AMERICAS-SYSTEM,SLOW1-Tue-Prod,eastus2,Slow1-USAE2-Azure-IaaS
Moog-Azure-IaaS,USAzureDEVTC01,RG-MOOG-AMERICAS-TOMCAT,FAST1-Thur-NonProd,eastus2,null
Moog-Azure-IaaS,usae2svtswf01,RG-MOOG-AMERICAS-UC4,SLOW3-Sun-Prod,eastus2,Slow3-USAZ-Azure-IaaS
Moog-Azure-IaaS,usae2svtswf02,RG-MOOG-AMERICAS-UC4,SLOW3-Sun-Prod,eastus2,Slow3-USAZ-Azure-IaaS
Moog-Azure-IaaS,USAzureDEVVT1,RG-MOOG-AMERICAS-VALTECH,FAST1-Thur-NonProd,eastus2,null
Moog-Azure-IaaS,USAZUREBLDR01,RG-MOOG-AMERICAS-VSTS,SLOW3-Sun-Prod,eastus2,Slow3-USAE2-Azure-IaaS
Moog-Azure-IaaS,usaz2svshpexp01,RG-MOOG-SHIPEXEC-PROD,SLOW3-Sun-Prod,eastus2,Slow3-USAE2-Azure-IaaS
Moog-Azure-IaaS,USAzureSLMCP1,RG-MOOG-SLMCUSTOMERPORTAL,SLOW3-Sun-Prod,eastus2,Slow3-USAE2-Azure-IaaS
Moog-Azure-IaaS,USAzureSLMCP2,RG-MOOG-SLMCUSTOMERPORTAL,FAST1-Thur-NonProd,eastus2,null
Moog-Azure-IaaS,USAE2SVAADCON01,RG-USAE2-AAD_CONNECT,SLOW3-Sun-Prod,eastus2,Slow3-USAE2-Azure-IaaS
Moog-Azure-IaaS,USAE2SVCCADEV01,RG-USAE2-AIRCRAFT_COMMAND_CENTER_ANALYTICS,FAST1-Thur-NonProd,eastus2,null
Moog-Azure-IaaS,usae2pautapp01,RG-USAE2-AUTOMIC-ENGINE,Custom3-Sun-Prod,eastus2,Custom3-USAE2-Azure-IaaS
Moog-Azure-IaaS,usae2pautapp02,RG-USAE2-AUTOMIC-ENGINE,Custom3-Sun-Prod,eastus2,Custom3-USAE2-Azure-IaaS
Moog-Azure-IaaS,usae2svpatweb01,RG-USAE2-AUTOTIME-APPLICATION,Autotime-Production-1,eastus2,null
Moog-Azure-IaaS,usae2svpatweb02,RG-USAE2-AUTOTIME-APPLICATION,Autotime Production 2,eastus2,null
Moog-Azure-IaaS,usae2svpatadf01,RG-USAE2-AUTOTIME-DATAFACTORY,SLOW3-Sun-Prod,eastus2,Slow3-USAZ-Azure-IaaS
Moog-Azure-IaaS,usae2svpatadf02,RG-USAE2-AUTOTIME-DATAFACTORY,SLOW3-Sun-Prod,eastus2,Slow3-USAZ-Azure-IaaS
Moog-Azure-IaaS,usae2svpatkc01,RG-USAE2-AUTOTIME-KEYCLOAK,Autotime-Production-1,eastus2,null
Moog-Azure-IaaS,usae2svpatkc02,RG-USAE2-AUTOTIME-KEYCLOAK,Autotime Production 2,eastus2,null
Moog-Azure-IaaS,usae2svpatsvc01,RG-USAE2-AUTOTIME-SERVICES,Autotime-Production-1,eastus2,null
Moog-Azure-IaaS,usae2svpatsvc02,RG-USAE2-AUTOTIME-SERVICES,Autotime Production 2,eastus2,null
Moog-Azure-IaaS,usae2svpatwebclk01,RG-USAE2-AUTOTIME-WEBCLOCK,Autotime-Production-1,eastus2,null
Moog-Azure-IaaS,usae2svpatwebclk02,RG-USAE2-AUTOTIME-WEBCLOCK,Autotime Production 2,eastus2,null
Moog-Azure-IaaS,USAE2SVDAZSYN01,RG-USAE2-AZSYN-DEV,FAST2-Sun-Prod,eastus2,Fast2-USAE2-Azure-IaaS
Moog-Azure-IaaS,USAE2SVAZDGW01,RG-USAE2-AZUREDATAGATEWAY,SLOW3-Sun-Prod,eastus2,Slow3-USAE2-Azure-IaaS
Moog-Azure-IaaS,USAE2SVAZDGW03,RG-USAE2-AZUREDATAGATEWAY,SLOW3-Sun-Prod,eastus2,Slow3-USAZ-Azure-IaaS
Moog-Azure-IaaS,USAE2SVDGW02,RG-USAE2-AZUREDATAGATEWAY,Custom1-Tue-Prod,eastus2,Custom1-USAE2-Azure-IaaS
Moog-Azure-IaaS,USAE2SVCESCEP1,RG-USAE2-CERTIFICATE_SERVICES,Custom3-Sun-Prod,eastus2,Custom3-USAE2-Azure-IaaS
Moog-Azure-IaaS,USAE2SVTCIMCO01,RG-USAE2-CIMCO-TEST,FAST2-Sun-Prod,eastus2,Fast2-USAE2-Azure-IaaS
Moog-Azure-IaaS,USAE2SVCITXFL01,RG-USAE2-CITRIX,Custom1-Tue-Prod,eastus2,Custom1-USAE2-Azure-IaaS
Moog-Azure-IaaS,usae2plrdx06,RG-USAE2-CORP-LOGRHYTHM-DATA-INDEX,Appliance,eastus2,null
Moog-Azure-IaaS,usae2plrdx07,RG-USAE2-CORP-LOGRHYTHM-DATA-INDEX,Appliance,eastus2,null
Moog-Azure-IaaS,usae2plrdx08,RG-USAE2-CORP-LOGRHYTHM-DATA-INDEX,Appliance,eastus2,null
Moog-Azure-IaaS,usae2plrdx09,RG-USAE2-CORP-LOGRHYTHM-DATA-INDEX,Appliance,eastus2,null
Moog-Azure-IaaS,usae2svpscrpt01,RG-USAE2-CORP-SLM-PYTHON-SCRIPTS-01,SLOW2-Thur-Prod,eastus2,Slow2-USAE2-Azure-IaaS
Moog-Azure-IaaS,usae2svpslmpy01,RG-USAE2-CORP-SLM-PYTHON-SCRIPTS-02,SLOW2-Thur-Prod,eastus2,Slow2-USAE2-Azure-IaaS
Moog-Azure-IaaS,usae2pprntsys01,RG-USAE2-CORPORATE-PRINTSYSTEM-COSTARICA,FAST2-Sun-Prod,eastus2,Fast2-USAE2-Azure-IaaS
Moog-Azure-IaaS,usae2psp01,RG-USAE2-CORPORATE-SHAREPOINT2013-MIGRATION,SLOW1-Tue-Prod,eastus2,Slow1-USAE2-Azure-IaaS
Moog-Azure-IaaS,usae2psp02,RG-USAE2-CORPORATE-SHAREPOINT2013-MIGRATION,SLOW1-Tue-Prod,eastus2,Slow1-USAE2-Azure-IaaS
Moog-Azure-IaaS,usae2d19sql01,RG-USAE2-CORPORATE-SQL2019-DEV,FAST1-Thur-NonProd,eastus2,null
Moog-Azure-IaaS,usae2p19sql01,RG-USAE2-CORPORATE-SQL2019,SLOW2-Thur-Prod,eastus2,Slow2-USAE2-Azure-IaaS
Moog-Azure-IaaS,usae2pxdm01,RG-USAE2-CORPORATE-XEROX,SLOW3-Sun-Prod,eastus2,Slow3-USAE2-Azure-IaaS
Moog-Azure-IaaS,usae2svpazdo01,RG-USAE2-DEVOPS-DEVOPS-AGENT,SLOW3-Sun-Prod,eastus2,Slow3-USAE2-Azure-IaaS
Moog-Azure-IaaS,USAE2SVPSAPIG01,RG-USAE2-DIRECTORY,SCCM,eastus2,Custom2-SGAZ1-Azure-IaaS
Moog-Azure-IaaS,USAE2SVESARP01,RG-USAE2-ESAR-PROD,SLOW3-Sun-Prod,eastus2,Slow3-USAE2-Azure-IaaS
Moog-Azure-IaaS,USAE2SVFPMAPP01,RG-USAE2-FLOORPLANMAPPER-PROD,SLOW3-Sun-Prod,eastus2,Slow3-USAZ-Azure-IaaS
Moog-Azure-IaaS,USAE2SVHCM01,RG-USAE2-HCM,SLOW2-Thur-Prod,eastus2,Slow2-USAE2-Azure-IaaS
Moog-Azure-IaaS,USAZUREHCM02,RG-USAE2-HCM,SLOW3-Sun-Prod,eastus2,Slow3-USAE2-Azure-IaaS
Moog-Azure-IaaS,USAE2SVCORPDC01,RG-USAE2-IDENTITY-CORP-DC,SCCM,eastus2,Custom2-SGAZ1-Azure-IaaS
Moog-Azure-IaaS,usae2xindysft01,RG-USAE2-INDYSOFT-APP-TEST,Fast1-Thur-NonProd,eastus2,null
Moog-Azure-IaaS,USAE2SVTDEMO01,RG-USAE2-LCD-DEMO,FAST1-Thur-NonProd,eastus2,null
Moog-Azure-IaaS,usae2plndfrt01,RG-USAE2-LN-DFRUNTIME-PROD,SLOW3-Sun-Prod,eastus2,Slow3-USAE2-Azure-IaaS
Moog-Azure-IaaS,USAE2SVSAPPGW01,RG-USAE2-MBS-GATEWAY,SLOW3-Sun-Prod,eastus2,Slow3-USAZ-Azure-IaaS
Moog-Azure-IaaS,USAE2SVSAPPGW02,RG-USAE2-MBS-GATEWAY,SLOW3-Sun-Prod,eastus2,Slow3-USAE2-Azure-IaaS
Moog-Azure-IaaS,USAE2SVSAPQGW01,RG-USAE2-MBS-GATEWAY,SLOW3-Sun-Prod,eastus2,Slow3-USAZ-Azure-IaaS
Moog-Azure-IaaS,usae2svdfactd01,RG-USAE2-MCG-BI,FAST1-Thur-NonProd,eastus2,null
Moog-Azure-IaaS,usae2svdfactp01,RG-USAE2-MCG-BI,SLOW3-Sun-Prod,eastus2,Slow3-USAE2-Azure-IaaS
Moog-Azure-IaaS,USAE2SVDFS01,RG-USAE2-NAMESPACE-CORP,SLOW2-Thur-Prod,eastus2,Slow2-USAE2-Azure-IaaS
Moog-Azure-IaaS,USAE2SVPOKTAD01,RG-USAE2-OKTA-ADAGENT,Custom3-Sun-Prod,eastus2,Custom3-USAE2-Azure-IaaS
Moog-Azure-IaaS,USAE2SVOBDV01,RG-USAE2-ONBASE,FAST1-Thur-NonProd,eastus2,null
Moog-Azure-IaaS,usae2svobfs01,RG-USAE2-ONBASE,SLOW3-Sun-Prod,eastus2,Slow3-USAZ-Azure-IaaS
Moog-Azure-IaaS,usae2svobrs01,RG-USAE2-ONBASE,SLOW3-Sun-Prod,eastus2,Slow3-USAZ-Azure-IaaS
Moog-Azure-IaaS,usae2svobws01,RG-USAE2-ONBASE,SLOW2-Thur-Prod,eastus2,Slow2-USAE2-Azure-IaaS
Moog-Azure-IaaS,USAE2SVOSCOND01,RG-USAE2-ONESTREAM-DEV,FAST1-Thur-NonProd,eastus2,null
Moog-Azure-IaaS,USAE2SVOSFSD01,RG-USAE2-ONESTREAM-DEV,FAST1-Thur-NonProd,eastus2,null
Moog-Azure-IaaS,USAE2SVOSGSD01,RG-USAE2-ONESTREAM-DEV,FAST1-Thur-NonProd,eastus2,null
Moog-Azure-IaaS,USAE2SVOSRSD01,RG-USAE2-ONESTREAM-DEV,FAST1-Thur-NonProd,eastus2,null
Moog-Azure-IaaS,USAE2SVOSWEBD01,RG-USAE2-ONESTREAM-DEV,FAST1-Thur-NonProd,eastus2,null
Moog-Azure-IaaS,USAE2SVPOSCON01,RG-USAE2-ONESTREAM-PROD,SLOW3-Sun-Prod,eastus2,Slow3-USAZ-Azure-IaaS
Moog-Azure-IaaS,USAE2SVPOSCON02,RG-USAE2-ONESTREAM-PROD,SLOW3-Sun-Prod,eastus2,Slow3-USAE2-Azure-IaaS
Moog-Azure-IaaS,USAE2SVPOSCON03,RG-USAE2-ONESTREAM-PROD,SLOW3-Sun-Prod,eastus2,Slow3-USAE2-Azure-IaaS
Moog-Azure-IaaS,USAE2SVPOSCON04,RG-USAE2-ONESTREAM-PROD,SLOW3-Sun-Prod,eastus2,Slow3-USAE2-Azure-IaaS
Moog-Azure-IaaS,USAE2SVPOSFS01,RG-USAE2-ONESTREAM-PROD,SLOW3-Sun-Prod,eastus2,Slow3-USAE2-Azure-IaaS
Moog-Azure-IaaS,USAE2SVPOSGS01,RG-USAE2-ONESTREAM-PROD,SLOW3-Sun-Prod,eastus2,Slow3-USAZ-Azure-IaaS
Moog-Azure-IaaS,USAE2SVPOSGS02,RG-USAE2-ONESTREAM-PROD,SLOW3-Sun-Prod,eastus2,Slow3-USAZ-Azure-IaaS
Moog-Azure-IaaS,USAE2SVPOSGS03,RG-USAE2-ONESTREAM-PROD,SLOW3-Sun-Prod,eastus2,Slow3-USAE2-Azure-IaaS
Moog-Azure-IaaS,USAE2SVPOSGS04,RG-USAE2-ONESTREAM-PROD,SLOW3-Sun-Prod,eastus2,Slow3-USAE2-Azure-IaaS
Moog-Azure-IaaS,USAE2SVPOSRS01,RG-USAE2-ONESTREAM-PROD,SLOW3-Sun-Prod,eastus2,Slow3-USAE2-Azure-IaaS
Moog-Azure-IaaS,USAE2SVPOSRS02,RG-USAE2-ONESTREAM-PROD,SLOW3-Sun-Prod,eastus2,Slow3-USAE2-Azure-IaaS
Moog-Azure-IaaS,USAE2SVPOSRS03,RG-USAE2-ONESTREAM-PROD,SLOW3-Sun-Prod,eastus2,Slow3-USAZ-Azure-IaaS
Moog-Azure-IaaS,USAE2SVPOSRS04,RG-USAE2-ONESTREAM-PROD,SLOW3-Sun-Prod,eastus2,Slow3-USAE2-Azure-IaaS
Moog-Azure-IaaS,USAE2SVPOSWEB01,RG-USAE2-ONESTREAM-PROD,SLOW3-Sun-Prod,eastus2,Slow3-USAE2-Azure-IaaS
Moog-Azure-IaaS,USAE2SVPOSWEB02,RG-USAE2-ONESTREAM-PROD,SLOW3-Sun-Prod,eastus2,Slow3-USAE2-Azure-IaaS
Moog-Azure-IaaS,USAE2SVPOSWEB03,RG-USAE2-ONESTREAM-PROD,SLOW3-Sun-Prod,eastus2,Slow3-USAE2-Azure-IaaS
Moog-Azure-IaaS,USAE2SVPOSWEB04,RG-USAE2-ONESTREAM-PROD,SLOW3-Sun-Prod,eastus2,Slow3-USAZ-Azure-IaaS
Moog-Azure-IaaS,USAE2SVOSFSQ01,RG-USAE2-ONESTREAM-QA,SLOW3-Sun-Prod,eastus2,Slow3-USAZ-Azure-IaaS
Moog-Azure-IaaS,USAE2SVQOSCON01,RG-USAE2-ONESTREAM-QA,SLOW3-Sun-Prod,eastus2,Slow3-USAE2-Azure-IaaS
Moog-Azure-IaaS,USAE2SVQOSCON02,RG-USAE2-ONESTREAM-QA,SLOW3-Sun-Prod,eastus2,Slow3-USAE2-Azure-IaaS
Moog-Azure-IaaS,USAE2SVQOSCON03,RG-USAE2-ONESTREAM-QA,SLOW3-Sun-Prod,eastus2,Slow3-USAE2-Azure-IaaS
Moog-Azure-IaaS,USAE2SVQOSCON04,RG-USAE2-ONESTREAM-QA,SLOW3-Sun-Prod,eastus2,Slow3-USAE2-Azure-IaaS
Moog-Azure-IaaS,USAE2SVQOSGS01,RG-USAE2-ONESTREAM-QA,SLOW3-Sun-Prod,eastus2,Slow3-USAE2-Azure-IaaS
Moog-Azure-IaaS,USAE2SVQOSGS02,RG-USAE2-ONESTREAM-QA,SLOW3-Sun-Prod,eastus2,Slow3-USAE2-Azure-IaaS
Moog-Azure-IaaS,USAE2SVQOSGS03,RG-USAE2-ONESTREAM-QA,SLOW3-Sun-Prod,eastus2,Slow3-USAZ-Azure-IaaS
Moog-Azure-IaaS,USAE2SVQOSGS04,RG-USAE2-ONESTREAM-QA,SLOW3-Sun-Prod,eastus2,Slow3-USAE2-Azure-IaaS
Moog-Azure-IaaS,USAE2SVQOSRS01,RG-USAE2-ONESTREAM-QA,SLOW3-Sun-Prod,eastus2,Slow3-USAZ-Azure-IaaS
Moog-Azure-IaaS,USAE2SVQOSRS02,RG-USAE2-ONESTREAM-QA,SLOW3-Sun-Prod,eastus2,Slow3-USAE2-Azure-IaaS
Moog-Azure-IaaS,USAE2SVQOSRS03,RG-USAE2-ONESTREAM-QA,SLOW3-Sun-Prod,eastus2,Slow3-USAE2-Azure-IaaS
Moog-Azure-IaaS,USAE2SVQOSRS04,RG-USAE2-ONESTREAM-QA,SLOW3-Sun-Prod,eastus2,Slow3-USAZ-Azure-IaaS
Moog-Azure-IaaS,USAE2SVQOSWEB01,RG-USAE2-ONESTREAM-QA,SLOW3-Sun-Prod,eastus2,Slow3-USAZ-Azure-IaaS
Moog-Azure-IaaS,USAE2SVQOSWEB02,RG-USAE2-ONESTREAM-QA,SLOW3-Sun-Prod,eastus2,Slow3-USAE2-Azure-IaaS
Moog-Azure-IaaS,USAE2SVQOSWEB03,RG-USAE2-ONESTREAM-QA,SLOW3-Sun-Prod,eastus2,Slow3-USAE2-Azure-IaaS
Moog-Azure-IaaS,USAE2SVQOSWEB04,RG-USAE2-ONESTREAM-QA,SLOW3-Sun-Prod,eastus2,Slow3-USAE2-Azure-IaaS
Moog-Azure-IaaS,USAE2SVODVA01,RG-USAE2-OPENDNS,Appliance,eastus2,null
Moog-Azure-IaaS,USAE2SVODVA02,RG-USAE2-OPENDNS,Appliance,eastus2,null
Moog-Azure-IaaS,USAE2SVPPAUID01,RG-USAE2-PALOALTO-USERIDAGENT,SLOW3-Sun-Prod,eastus2,Slow3-USAZ-Azure-IaaS
Moog-Azure-IaaS,USAE2SVPPAUID02,RG-USAE2-PALOALTO-USERIDAGENT,SLOW3-Sun-Prod,eastus2,Slow3-USAE2-Azure-IaaS
Moog-Azure-IaaS,USAE2SVMDGTAA01,RG-USAE2-PRD-MDGCRTIME,SLOW3-Sun-Prod,eastus2,Slow3-USAE2-Azure-IaaS
Moog-Azure-IaaS,cral1svapplx1,RG-USAE2-PRD-MDGDASHBOARD,Appliance,eastus2,null
Moog-Azure-IaaS,slmdw2,RG-USAE2-PRD-MDGDW,SLOW3-Sun-Prod,eastus2,Slow3-USAE2-Azure-IaaS
Moog-Azure-IaaS,cral1svmailapp1,RG-USAE2-PRD-MDGSHAREDAPPS,SLOW3-Sun-Prod,eastus2,Slow3-USAE2-Azure-IaaS
Moog-Azure-IaaS,slmsfwebtst,RG-USAE2-PRD-MDGSHAREDAPPS,SLOW3-Sun-Prod,eastus2,Slow3-USAZ-Azure-IaaS
Moog-Azure-IaaS,USAE2SVMDGAPP01,RG-USAE2-PRD-MDGSHAREDAPPS,SLOW3-Sun-Prod,eastus2,Slow3-USAE2-Azure-IaaS
Moog-Azure-IaaS,cral1svsql01v,RG-USAE2-PRD-MDGSHAREDSQL,SLOW3-Sun-Prod,eastus2,Slow3-USAE2-Azure-IaaS
Moog-Azure-IaaS,USAE2SVMDGWEB03,RG-USAE2-PRD-MDGWEBAPACHE,SLOW3-Sun-Prod,eastus2,Slow3-USAZ-Azure-IaaS
Moog-Azure-IaaS,USAE2SVREACTP01,RG-USAE2-REACT-PROD,SLOW3-Sun-Prod,eastus2,Slow3-USAE2-Azure-IaaS
Moog-Azure-IaaS,USAE2SVSCCMDP01,RG-USAE2-SCCM-PROD,SLOW3-Sun-Prod,eastus2,Slow3-USAE2-Azure-IaaS
Moog-Azure-IaaS,usae2psecbtmt01,RG-USAE2-SECURITY-BEYONDTRUST-MANAGEMENT,Appliance,eastus2,null
Moog-Azure-IaaS,usae2svpbtrs01,RG-USAE2-SECURITY-BEYONDTRUST-REMOTE-SUPPORT,Appliance,eastus2,null
Moog-Azure-IaaS,usae2svpbtrs02,RG-USAE2-SECURITY-BEYONDTRUST-REMOTE-SUPPORT,Appliance,eastus2,null
Moog-Azure-IaaS,usae2pcrtath01,RG-USAE2-SECURITY-CA-ISSUING-SERVER,SLOW3-Sun-Prod,eastus2,Slow3-USAE2-Azure-IaaS
Moog-Azure-IaaS,USAE2SVSHYBWP01,RG-USAE2-SECURITY-HYBRID_WORKER-PROD,SLOW3-Sun-Prod,eastus2,Slow3-USAZ-Azure-IaaS
Moog-Azure-IaaS,usae2pnexpose01,RG-USAE2-SECURITY-NEXPOSE-RAPID7,SLOW1-Tue-Prod,eastus2,Slow1-USAE2-Azure-IaaS
Moog-Azure-IaaS,USAE2SVPMDSN01,RG-USAE2-SERVICENOW,SLOW2-Thur-Prod,eastus2,Slow2-USAE2-Azure-IaaS
Moog-Azure-IaaS,USAE2SVPMDSN02,RG-USAE2-SERVICENOW,SLOW2-Thur-Prod,eastus2,Slow2-USAE2-Azure-IaaS
Moog-Azure-IaaS,usae2svsftp01,RG-USAE2-SFTP,Appliance,eastus2,null
Moog-Azure-IaaS,usae2pmcgadf01,RG-USAE2-SHARED-MCGADF-PROD,SLOW3-Sun-Prod,eastus2,Slow3-USAZ-Azure-IaaS
Moog-Azure-IaaS,usae2padfs07,RG-USAE2-SHARED-WEBAPPLICATION-PROD,Custom3-Sun-Prod,eastus2,Custom3-USAE2-Azure-IaaS
Moog-Azure-IaaS,usae2padfs08,RG-USAE2-SHARED-WEBAPPLICATION-PROD,Custom3-Sun-Prod,eastus2,Custom3-USAE2-Azure-IaaS
Moog-Azure-IaaS,usae2pslmpro01,RG-USAE2-SLM-PRO2-PROD,SLOW3-Sun-Prod,eastus2,Slow3-USAE2-Azure-IaaS
Moog-Azure-IaaS,USAE2SVTIBCOD01,RG-USAE2-TIBCO_SPOTFIRE-DEV,FAST1-Thur-NonProd,eastus2,null
Moog-Azure-IaaS,USAE2SVUIBEDP01,RG-USAE2-UIPATHORCHESTRATOR-PROD,SLOW3-Sun-Prod,eastus2,Slow3-USAE2-Azure-IaaS
Moog-Azure-IaaS,USAE2SVUIBOTP01,RG-USAE2-UIPATHORCHESTRATOR-PROD,SLOW3-Sun-Prod,eastus2,Slow3-USAE2-Azure-IaaS
Moog-Azure-IaaS,USAE2SVUIBOTP02,RG-USAE2-UIPATHORCHESTRATOR-PROD,SLOW3-Sun-Prod,eastus2,Slow3-USAE2-Azure-IaaS
Moog-Azure-IaaS,USAE2SVUIBOTP03,RG-USAE2-UIPATHORCHESTRATOR-PROD,SLOW3-Sun-Prod,eastus2,Slow3-USAE2-Azure-IaaS
Moog-Azure-IaaS,USAE2SVUIBOTP04,RG-USAE2-UIPATHORCHESTRATOR-PROD,SLOW3-Sun-Prod,eastus2,Slow3-USAE2-Azure-IaaS
Moog-Azure-IaaS,USAE2SVUIOESP01,RG-USAE2-UIPATHORCHESTRATOR-PROD,SLOW3-Sun-Prod,eastus2,Slow3-USAE2-Azure-IaaS
Moog-Azure-IaaS,USAE2SVUIORWP01,RG-USAE2-UIPATHORCHESTRATOR-PROD,SLOW3-Sun-Prod,eastus2,Slow3-USAE2-Azure-IaaS
Moog-Azure-IaaS,USAE2SVPVLINC01,RG-USAE2-VAISALA-VIEWLINC,SLOW3-Sun-Prod,eastus2,Slow3-USAE2-Azure-IaaS
Moog-Azure-IaaS,usae2svpvbop01,RG-USAE2-VEEAM-M365-BACKUP-PROXY,Custom1-Tue-Prod,eastus2,Custom1-USAE2-Azure-IaaS
Moog-Azure-IaaS,usae2svpvbop02,RG-USAE2-VEEAM-M365-BACKUP-PROXY,Custom1-Tue-Prod,eastus2,Custom1-USAE2-Azure-IaaS
Moog-Azure-IaaS,usae2svpvbop03,RG-USAE2-VEEAM-M365-BACKUP-PROXY,Custom1-Tue-Prod,eastus2,Custom1-USAE2-Azure-IaaS
Moog-Azure-IaaS,usae2svpvbop04,RG-USAE2-VEEAM-M365-BACKUP-PROXY,Custom1-Tue-Prod,eastus2,Custom1-USAE2-Azure-IaaS
Moog-Azure-IaaS,usae2svpvsql01,RG-USAE2-VEEAM-SQL-APPLICATION,SLOW2-Thur-Prod,eastus2,Slow2-USAE2-Azure-IaaS
Moog-Azure-IaaS,USAE2SVVBOM01,RG-USAE2-VEEAM,Custom1-Tue-Prod,eastus2,Custom1-USAE2-Azure-IaaS
Moog-Azure-IaaS,USAE2SVVONE01,RG-USAE2-VEEAM,Custom1-Tue-Prod,eastus2,Custom1-USAE2-Azure-IaaS
Moog-Azure-IaaS,USAE2SVPWS1EG01,RG-USAE2-WS1-SEG,SLOW3-Sun-Prod,eastus2,Slow3-USAE2-Azure-IaaS
Moog-Azure-IaaS,USAE2SVPWS1EG02,RG-USAE2-WS1-SEG,SLOW3-Sun-Prod,eastus2,Slow3-USAE2-Azure-IaaS
Moog-Azure-IaaS,USAE2SVPWS1EG03,RG-USAE2-WS1-SEG,SLOW3-Sun-Prod,eastus2,Slow3-USAE2-Azure-IaaS
Moog-Azure-IaaS,USAE2SVPWS1EG04,RG-USAE2-WS1-SEG,SLOW3-Sun-Prod,eastus2,Slow3-USAE2-Azure-IaaS
Moog-Azure-IaaS,USAzureXDM01,RG-USAE2-XDM,SLOW2-Thur-Prod,eastus2,Slow2-USAE2-Azure-IaaS
Moog-Azure-IaaS,usae2svaspdv1,RG-USEA2-AZUREMIGRATIONASP,FAST1-Thur-NonProd,eastus2,null
Moog-Azure-IaaS,usae2svaspp01,RG-USEA2-AZUREMIGRATIONASP,SLOW3-Sun-Prod,eastus2,Slow3-USAE2-Azure-IaaS
Moog-Azure-IaaS,usae2svaspqa1,RG-USEA2-AZUREMIGRATIONASP,SLOW3-Sun-Prod,eastus2,Slow3-USAE2-Azure-IaaS
Sub-MoogComm-Corp-Analytics-US-Prod,05343c467cb842c59af2c898d8235d01,DATABRICKS-RG-ADBSUSAE2MEDWPROD-R72SB6PPQEZZA,None,eastus2,null
Sub-MoogComm-Corp-Analytics-US-Prod,10e11710f7b24bb599b760e5fcc3f997,DATABRICKS-RG-ADBSUSAE2MEDWPROD-R72SB6PPQEZZA,None,eastus2,null
Sub-MoogComm-Corp-Analytics-US-Prod,1c1652e7f7a942cc8ae8f75136443fe6,DATABRICKS-RG-ADBSUSAE2MEDWPROD-R72SB6PPQEZZA,None,eastus2,null
Sub-MoogComm-Corp-Analytics-US-Prod,1ca7839ebf5d4102a34ff912ad68cda5,DATABRICKS-RG-ADBSUSAE2MEDWPROD-R72SB6PPQEZZA,None,eastus2,null
Sub-MoogComm-Corp-Analytics-US-Prod,1e88a20d49104a0e9c7f0aac76671d3a,DATABRICKS-RG-ADBSUSAE2MEDWPROD-R72SB6PPQEZZA,None,eastus2,null
Sub-MoogComm-Corp-Analytics-US-Prod,1e9ecfe46582436a80aa4b010338a9f5,DATABRICKS-RG-ADBSUSAE2MEDWPROD-R72SB6PPQEZZA,None,eastus2,null
Sub-MoogComm-Corp-Analytics-US-Prod,21a41a75788145da91b41f2a4c1c2660,DATABRICKS-RG-ADBSUSAE2MEDWPROD-R72SB6PPQEZZA,None,eastus2,null
Sub-MoogComm-Corp-Analytics-US-Prod,281666b4e1624fd99f177adaa3eecf3e,DATABRICKS-RG-ADBSUSAE2MEDWPROD-R72SB6PPQEZZA,None,eastus2,null
Sub-MoogComm-Corp-Analytics-US-Prod,2f1c17484ed94bb4ace0fe574e3e11ee,DATABRICKS-RG-ADBSUSAE2MEDWPROD-R72SB6PPQEZZA,None,eastus2,null
Sub-MoogComm-Corp-Analytics-US-Prod,2fe009b7757e4cd994c8b06474d0d952,DATABRICKS-RG-ADBSUSAE2MEDWPROD-R72SB6PPQEZZA,None,eastus2,null
Sub-MoogComm-Corp-Analytics-US-Prod,3e882bdefb6c462895c8c12ea34152b0,DATABRICKS-RG-ADBSUSAE2MEDWPROD-R72SB6PPQEZZA,None,eastus2,null
Sub-MoogComm-Corp-Analytics-US-Prod,461bca7f88e24673b48c25d16a6bd752,DATABRICKS-RG-ADBSUSAE2MEDWPROD-R72SB6PPQEZZA,None,eastus2,null
Sub-MoogComm-Corp-Analytics-US-Prod,4e6f372d20124682a2021525e47fca58,DATABRICKS-RG-ADBSUSAE2MEDWPROD-R72SB6PPQEZZA,None,eastus2,null
Sub-MoogComm-Corp-Analytics-US-Prod,508261c63ada438e8181161662bb4482,DATABRICKS-RG-ADBSUSAE2MEDWPROD-R72SB6PPQEZZA,None,eastus2,null
Sub-MoogComm-Corp-Analytics-US-Prod,58ce38eab93d478790668a654e2352c4,DATABRICKS-RG-ADBSUSAE2MEDWPROD-R72SB6PPQEZZA,None,eastus2,null
Sub-MoogComm-Corp-Analytics-US-Prod,5b09bb2b98184c528d130301adcdef63,DATABRICKS-RG-ADBSUSAE2MEDWPROD-R72SB6PPQEZZA,None,eastus2,null
Sub-MoogComm-Corp-Analytics-US-Prod,61fa400d83424a258868f2782951cdd2,DATABRICKS-RG-ADBSUSAE2MEDWPROD-R72SB6PPQEZZA,None,eastus2,null
Sub-MoogComm-Corp-Analytics-US-Prod,64b51d16d5d5452281038bd840d8dfd8,DATABRICKS-RG-ADBSUSAE2MEDWPROD-R72SB6PPQEZZA,None,eastus2,null
Sub-MoogComm-Corp-Analytics-US-Prod,64de1725f27f46e09b621d94f7e806c9,DATABRICKS-RG-ADBSUSAE2MEDWPROD-R72SB6PPQEZZA,None,eastus2,null
Sub-MoogComm-Corp-Analytics-US-Prod,69739b2583434502a69eff695209e827,DATABRICKS-RG-ADBSUSAE2MEDWPROD-R72SB6PPQEZZA,None,eastus2,null
Sub-MoogComm-Corp-Analytics-US-Prod,6c434d618da6474ca2d117e115732a98,DATABRICKS-RG-ADBSUSAE2MEDWPROD-R72SB6PPQEZZA,None,eastus2,null
Sub-MoogComm-Corp-Analytics-US-Prod,73d2bf41a8944cd4bb96623e49306ff3,DATABRICKS-RG-ADBSUSAE2MEDWPROD-R72SB6PPQEZZA,None,eastus2,null
Sub-MoogComm-Corp-Analytics-US-Prod,74f7f580f72c4ce782bb4cb4b34a47c3,DATABRICKS-RG-ADBSUSAE2MEDWPROD-R72SB6PPQEZZA,None,eastus2,null
Sub-MoogComm-Corp-Analytics-US-Prod,793047cbfe8c4b0ca7b7ab8735f0bc5d,DATABRICKS-RG-ADBSUSAE2MEDWPROD-R72SB6PPQEZZA,None,eastus2,null
Sub-MoogComm-Corp-Analytics-US-Prod,8585b5550e2246e3a3bbc3cd8b9409e6,DATABRICKS-RG-ADBSUSAE2MEDWPROD-R72SB6PPQEZZA,None,eastus2,null
Sub-MoogComm-Corp-Analytics-US-Prod,8fd7ef97f6c046f6890c6ac3319e9b1a,DATABRICKS-RG-ADBSUSAE2MEDWPROD-R72SB6PPQEZZA,None,eastus2,null
Sub-MoogComm-Corp-Analytics-US-Prod,99929f3061b74bda97d2dcd4e4dfa2ce,DATABRICKS-RG-ADBSUSAE2MEDWPROD-R72SB6PPQEZZA,None,eastus2,null
Sub-MoogComm-Corp-Analytics-US-Prod,99cfd24a730348848dbdea0b86e06d9f,DATABRICKS-RG-ADBSUSAE2MEDWPROD-R72SB6PPQEZZA,None,eastus2,null
Sub-MoogComm-Corp-Analytics-US-Prod,9b82c5ffa3d04208b34c57565000299e,DATABRICKS-RG-ADBSUSAE2MEDWPROD-R72SB6PPQEZZA,None,eastus2,null
Sub-MoogComm-Corp-Analytics-US-Prod,9c95915f30b24c30a81b754f241e90b6,DATABRICKS-RG-ADBSUSAE2MEDWPROD-R72SB6PPQEZZA,None,eastus2,null
Sub-MoogComm-Corp-Analytics-US-Prod,a661ec738a244486a39ce38da0dc23a4,DATABRICKS-RG-ADBSUSAE2MEDWPROD-R72SB6PPQEZZA,None,eastus2,null
Sub-MoogComm-Corp-Analytics-US-Prod,ae25b3fb7bf74e1dae9cd3e49c571f4b,DATABRICKS-RG-ADBSUSAE2MEDWPROD-R72SB6PPQEZZA,None,eastus2,null
Sub-MoogComm-Corp-Analytics-US-Prod,affd3c9412e94ad28f6103829b17ebc4,DATABRICKS-RG-ADBSUSAE2MEDWPROD-R72SB6PPQEZZA,None,eastus2,null
Sub-MoogComm-Corp-Analytics-US-Prod,b053708360fa4b579b0d93f4eb022889,DATABRICKS-RG-ADBSUSAE2MEDWPROD-R72SB6PPQEZZA,None,eastus2,null
Sub-MoogComm-Corp-Analytics-US-Prod,b476ea440ca7464885fde70bbab7928f,DATABRICKS-RG-ADBSUSAE2MEDWPROD-R72SB6PPQEZZA,None,eastus2,null
Sub-MoogComm-Corp-Analytics-US-Prod,c2112833fce846d2957c64ba10667766,DATABRICKS-RG-ADBSUSAE2MEDWPROD-R72SB6PPQEZZA,None,eastus2,null
Sub-MoogComm-Corp-Analytics-US-Prod,cad93814c2d5430db8ff59f6d4f03bb1,DATABRICKS-RG-ADBSUSAE2MEDWPROD-R72SB6PPQEZZA,None,eastus2,null
Sub-MoogComm-Corp-Analytics-US-Prod,cc34c7369e344b909ca7c34f302c795a,DATABRICKS-RG-ADBSUSAE2MEDWPROD-R72SB6PPQEZZA,None,eastus2,null
Sub-MoogComm-Corp-Analytics-US-Prod,d081c5af198347c19796097a4cb434f1,DATABRICKS-RG-ADBSUSAE2MEDWPROD-R72SB6PPQEZZA,None,eastus2,null
Sub-MoogComm-Corp-Analytics-US-Prod,d72a895aac7e4044b5fcfa5dce23603a,DATABRICKS-RG-ADBSUSAE2MEDWPROD-R72SB6PPQEZZA,None,eastus2,null
Sub-MoogComm-Corp-Analytics-US-Prod,d75b42c0c6e5499bac28b34c7961863f,DATABRICKS-RG-ADBSUSAE2MEDWPROD-R72SB6PPQEZZA,None,eastus2,null
Sub-MoogComm-Corp-Analytics-US-Prod,dbd3f58549d34ec9b61c7b431613ff4b,DATABRICKS-RG-ADBSUSAE2MEDWPROD-R72SB6PPQEZZA,None,eastus2,null
Sub-MoogComm-Corp-Analytics-US-Prod,usae2pedw01,RG-USAE2-ANALYTICS-EDW-01,SCCM,eastus2,null
Sub-MoogComm-Corp-Analytics-US-Prod,usae2pedw02,RG-USAE2-ANALYTICS-EDW-01,SCCM,eastus2,null
Sub-MoogComm-Corp-Analytics-US-Prod,usae2pedw03,RG-USAE2-ANALYTICS-EDW-03,SCCM,eastus2,null
Sub-MoogComm-Corp-Analytics-US-Prod,usae2pedw04,RG-USAE2-ANALYTICS-EDW-03,SCCM,eastus2,null
Sub-MoogComm-Corp-Analytics-US-Prod,usae2pedw05,RG-USAE2-ANALYTICS-EDW-05,SCCM,eastus2,null
Sub-MoogComm-Corp-Analytics-US-Prod,usae2pedw06,RG-USAE2-ANALYTICS-EDW-05,SCCM,eastus2,null
Sub-MoogComm-Corp-Analytics-US-Prod,usae2pint01,RG-USAE2-ANALYTICS-IRE-MBS,SLOW3-Sun-Prod,eastus2,Slow3-USAE2-Analytic-US-Prod
Sub-MoogComm-Corp-Analytics-US-Prod,usae2pint05,RG-USAE2-ANALYTICS-IRE-PURVIEW,SLOW3-Sun-Prod,eastus2,Slow3-USAE2-Analytic-US-Prod
Sub-MoogComm-Corp-Analytics-US-Prod,usaz2pinthub01,RG-USAZ2-WORKDAY-INTHUB-PROD,SLOW3-Sun-Prod,centralus,Slow3-USAZ-Corp-Analytics-US-Prod
Sub-MoogComm-Corp-Analytics-US-Prod,usae2pint03,RG-USAE2-ANALYTICS-IRE-S4,SLOW3-Sun-Prod,eastus2,Slow3-USAE2-Analytic-US-Prod
Sub-MoogComm-Corp-Analytics-US-Prod,usae2pprwbi01,RG-USAE2-ANALYTICS-POWER-BI-GATEWAY,SCCM,eastus2,null
Sub-MoogComm-Corp-Analytics-US-Prod,usae2pprwbi02,RG-USAE2-ANALYTICS-POWER-BI-GATEWAY,SCCM,eastus2,null
Sub-MoogComm-Corp-Analytics-US-Prod,usae2pinthub01,RG-USAE2-WORKDAY-INTHUB-PROD,SLOW3-Sun-Prod,eastus2,Slow3-USAE2-Analytic-US-Prod
Sub-MoogComm-Corp-Analytics-US-Prod,usae2pinthub02,RG-USAE2-WORKDAY-INTHUB-PROD,SLOW3-Sun-Prod,eastus2,Slow3-USAE2-Analytic-US-Prod
Sub-MoogComm-Corp-Analytics-UK-Prod,gbaz1pedw01,RG-GBAZ1-ANALYTICS-EDW-01,SCCM,uksouth,null
Sub-MoogComm-Corp-Analytics-UK-Prod,gbaz1pedw02,RG-GBAZ1-ANALYTICS-EDW-01,SCCM,uksouth,null
Sub-MoogComm-Corp-Analytics-UK-Prod,gbaz1pint01,RG-GBAZ1-ANALYTICS-IRE,SLOW3-Sun-Prod,uksouth,Slow3-GBAZ1-Analytics-UK-Prod
Sub-MoogComm-Corp-Analytics-UK-Prod,gbaz1pprwbi01,RG-GBAZ1-ANALYTICS-POWER-BI-GATEWAY,SCCM,uksouth,null
Sub-MoogComm-Corp-Analytics-UK-Prod,gbaz1pprwbi02,RG-GBAZ1-ANALYTICS-POWER-BI-GATEWAY,SCCM,uksouth,null
Sub-Moog-IG-SAP-NonProd,gb1dbods01,RG-GBAZ1-IGSAP-SAP-AS-BODS-DEV,IGSAP-NonProd,uksouth,Custom3-GBAZ1-IGSAP-NonProd
Sub-Moog-IG-SAP-NonProd,gb1qbods01,RG-GBAZ1-IGSAP-SAP-AS-BODS-QA,IGSAP-NonProd,uksouth,Custom3-GBAZ1-IGSAP-NonProd
Sub-Moog-IG-SAP-NonProd,gb1dbw401,RG-GBAZ1-IGSAP-SAP-AS-BW4-DEV,IGSAP-NonProd,uksouth,Custom3-GBAZ1-IGSAP-NonProd
Sub-Moog-IG-SAP-NonProd,gb1qbw401,RG-GBAZ1-IGSAP-SAP-AS-BW4-QA,IGSAP-NonProd,uksouth,Custom3-GBAZ1-IGSAP-NonProd
Sub-Moog-IG-SAP-NonProd,gb1qbodsdb01,RG-GBAZ1-IGSAP-SAP-DB-BODS-QA,IGSAP-NonProd,uksouth,Custom3-GBAZ1-IGSAP-NonProd
Sub-Moog-IG-SAP-NonProd,gb1dbw4db01,RG-GBAZ1-IGSAP-SAP-DB-HANA-BW4-DEV,IGSAP-NonProd,uksouth,Custom3-GBAZ1-IGSAP-NonProd
Sub-Moog-IG-SAP-NonProd,gb1qbw4db01,RG-GBAZ1-IGSAP-SAP-DB-HANA-BW4-QA,IGSAP-NonProd,uksouth,Custom3-GBAZ1-IGSAP-NonProd
Sub-Moog-IG-SAP-NonProd,gb1dmfgpro01,RG-GBAZ1-IGSAP-SAP-MFGPRO-IRE-DEV,Custom3-Sun-Prod,uksouth,Custom3-GBAZ1-IGSAP-NonProd
Sub-Moog-IG-SAP-NonProd,gb1nsftp01,RG-GBAZ1-IGSAP-SAP-SFTP-NP,IGSAP-NonProd,uksouth,Custom3-GBAZ1-IGSAP-NonProd
Sub-Moog-IG-SAP-NonProd,gbaz1svdsqlt01,RG-GBAZ1-IGSAP-SAP-SQL-TEST-DEV,IGSAP-NonProd,uksouth,Custom3-GBAZ1-IGSAP-NonProd
Sub-Moog-IG-SAP-Prod,gb1pbods01,RG-GBAZ1-IGSAP-SAP-AS-BODS,IGSAP-Production,uksouth,null
Sub-Moog-IG-SAP-Prod,gb1pbw401,RG-GBAZ1-IGSAP-SAP-AS-BW4,IGSAP-Production,uksouth,null
Sub-Moog-IG-SAP-Prod,gb1pbodsdb01,RG-GBAZ1-IGSAP-SAP-DB-BODS,IGSAP-Production,uksouth,null
Sub-Moog-IG-SAP-Prod,gb1pbw4db01,RG-GBAZ1-IGSAP-SAP-DB-HANA-BW4,IGSAP-Production,uksouth,null
Sub-Moog-IG-SAP-Prod,gb1pmfgpro01,RG-GBAZ1-IGSAP-SAP-MFGPRO-IRE,Custom3-Sun-Prod,uksouth,Custom3-GBAZ1-SAP-Prod
Sub-Moog-IG-SAP-Prod,gb1psftp01,RG-GBAZ1-IGSAP-SAP-SFTP,IGSAP-Production,uksouth,null
Sub-MoogComm-GenerativeAI-NonProd,lvm-ilab-test-d,RG-USAE2-GEN-AI-DEVVM-D,None,eastus2,null
Sub-MoogComm-SmartFactory-Dev,vm-usae2-fac-pla-2-d,RG-USAE2-FAC-PLA-2-MANAGEMENT-D,FAST1-Thur-NonProd,eastus2,Fast1-USAE2-SmartFactory-Dev
Sub-MoogComm-SmartFactory-Prod,vm-usae2-fac-pla-p,RG-USAE2-FAC-PLA-MANAGEMENT-P,SLOW3-Sun-Prod,eastus2,null
Sub-MoogComm-SmartFactory-Prod,vm-indc1-fac-pla-p,RG-INDC1-FAC-PLA-MANAGEMENT-P,SLOW3-Sun-Prod,centralindia,null
Sub-MoogComm-SmartFactory-Prod,vm-gbaz1-fac-pla-p,RG-GBAZ1-FAC-PLA-MANAGEMENT-P,SLOW3-Sun-Prod,uksouth,null
Sub-Moog-AD-SAP-NonProd,gbaz1svq3solm01,RG-GBAZ1-ADSAP-3-SOLUMINA-ACTIVEMQ-QA,FAST1-Thur-NonProd,uksouth,null
Sub-Moog-AD-SAP-NonProd,gbaz1svqsolm01,RG-GBAZ1-ADSAP-SOLUMINA-ACTIVEMQ-QA,FAST1-Thur-NonProd,uksouth,null
Sub-Moog-AD-SAP-NonProd,gbaz1svtsolm01,RG-GBAZ1-ADSAP-SOLUMINA-ACTIVEMQ-TRN,FAST1-Thur-NonProd,uksouth,null
Sub-Moog-AD-SAP-NonProd,gbaz1svnsolba01,RG-GBAZ1-ADSAP-SOLUMINA-BASTION-NP,FAST1-Thur-NonProd,uksouth,null
Sub-Moog-AD-SAP-Prod,gbaz1svrsolm01,RG-GBAZ1-ADSAP-SOLUMINA-ACTIVEMQ-PREP,SLOW2-Thur-Prod,uksouth,Slow2-GBAZ1-ADSAP-Prod
Sub-Moog-AD-SAP-Prod,gbaz1svpsolm01,RG-GBAZ1-ADSAP-SOLUMINA-ACTIVEMQ,SLOW2-Thur-Prod,uksouth,Slow2-GBAZ1-ADSAP-Prod
Sub-Moog-AD-SAP-Prod,gbaz1svpsolba01,RG-GBAZ1-ADSAP-SOLUMINA-BASTION,SLOW2-Thur-Prod,uksouth,Slow2-GBAZ1-ADSAP-Prod
Sub-Moog-Commercial-EndUserVirtualization-Prod,usae2duxwco01,RG-USAE2-CITRIX-INFRASTRUCTURE-MASTERIMAGES-DEV,FAST2-Sun-Prod,eastus2,Fast2-USAE2-EndUserVirtualization-Prod
Sub-Moog-Commercial-EndUserVirtualization-Prod,USAE2SVGSVAAD,RG-USAE2-CITRIX-INFRASTRUCTURE-SOLUMINA-GOV-PROD,FAST1-Thur-NonProd,eastus2,Fast1-USAE2-Sub-EndUserVirtualization-Prod
Sub-Moog-Commercial-EndUserVirtualization-Prod,usae2svptipq002,RG-USAE2-CITRIX-INFRASTRUCTURE-VIRTUALHOSTS-AAD-NONPROD,None,eastus2,null
Sub-Moog-Commercial-EndUserVirtualization-Prod,usae2svpxcn002,RG-USAE2-CITRIX-INFRASTRUCTURE-VIRTUALHOSTS-CHINA-PROD,None,eastus2,null
Sub-Moog-Commercial-EndUserVirtualization-Prod,usae2svpxcn004,RG-USAE2-CITRIX-INFRASTRUCTURE-VIRTUALHOSTS-CHINA-PROD,None,eastus2,null
Sub-Moog-Commercial-EndUserVirtualization-Prod,usae2svpxcn005,RG-USAE2-CITRIX-INFRASTRUCTURE-VIRTUALHOSTS-CHINA-PROD,None,eastus2,null
Sub-Moog-Commercial-EndUserVirtualization-Prod,usae2dtaad01,RG-USAE2-CITRIX-INFRASTRUCTURE-VIRTUALHOSTS-ENTRA-TEST-2,FAST2-Sun-Prod,eastus2,Fast2-USAE2-EndUserVirtualization-Prod
Sub-Moog-Commercial-EndUserVirtualization-Prod,USAE2SVPGXSHD02,RG-USAE2-CITRIX-INFRASTRUCTURE-VIRTUALHOSTS-GOV-PROD,None,eastus2,null
Sub-Moog-Commercial-EndUserVirtualization-Prod,USAE2SVPGXSHD03,RG-USAE2-CITRIX-INFRASTRUCTURE-VIRTUALHOSTS-GOV-PROD,None,eastus2,null
Sub-Moog-Commercial-EndUserVirtualization-Prod,Preparati-tbjby,RG-USAE2-CITRIX-INFRASTRUCTURE-VIRTUALHOSTS-NON-PROD,None,eastus2,null
Sub-Moog-Commercial-EndUserVirtualization-Prod,usae2svuxcn001,RG-USAE2-CITRIX-INFRASTRUCTURE-VIRTUALHOSTS-NON-PROD,None,eastus2,null
Sub-Moog-Commercial-EndUserVirtualization-Prod,USAE2SVUXGEN005,RG-USAE2-CITRIX-INFRASTRUCTURE-VIRTUALHOSTS-NON-PROD,FAST2-Sun-Prod,eastus2,Fast2-USAE2-EndUserVirtualization-Prod
Sub-Moog-Commercial-EndUserVirtualization-Prod,USAE2SVUXGEN006,RG-USAE2-CITRIX-INFRASTRUCTURE-VIRTUALHOSTS-NON-PROD,FAST2-Sun-Prod,eastus2,Fast2-USAE2-EndUserVirtualization-Prod
Sub-Moog-Commercial-EndUserVirtualization-Prod,USAE2SVPXCLB004,RG-USAE2-CITRIX-INFRASTRUCTURE-VIRTUALHOSTS-PROD,None,eastus2,null
Sub-Moog-Commercial-EndUserVirtualization-Prod,USAE2SVPXERP005,RG-USAE2-CITRIX-INFRASTRUCTURE-VIRTUALHOSTS-PROD,None,eastus2,null
Sub-Moog-Commercial-EndUserVirtualization-Prod,USAE2SVPXERP012,RG-USAE2-CITRIX-INFRASTRUCTURE-VIRTUALHOSTS-PROD,None,eastus2,null
Sub-Moog-Commercial-EndUserVirtualization-Prod,USAE2SVPXERP013,RG-USAE2-CITRIX-INFRASTRUCTURE-VIRTUALHOSTS-PROD,None,eastus2,null
Sub-Moog-Commercial-EndUserVirtualization-Prod,USAE2SVPXERP014,RG-USAE2-CITRIX-INFRASTRUCTURE-VIRTUALHOSTS-PROD,None,eastus2,null
Sub-Moog-Commercial-EndUserVirtualization-Prod,USAE2SVPXERP015,RG-USAE2-CITRIX-INFRASTRUCTURE-VIRTUALHOSTS-PROD,None,eastus2,null
Sub-Moog-Commercial-EndUserVirtualization-Prod,USAE2SVPXERP016,RG-USAE2-CITRIX-INFRASTRUCTURE-VIRTUALHOSTS-PROD,None,eastus2,null
Sub-Moog-Commercial-EndUserVirtualization-Prod,USAE2SVPXERP017,RG-USAE2-CITRIX-INFRASTRUCTURE-VIRTUALHOSTS-PROD,None,eastus2,null
Sub-Moog-Commercial-EndUserVirtualization-Prod,USAE2SVPXERP018,RG-USAE2-CITRIX-INFRASTRUCTURE-VIRTUALHOSTS-PROD,None,eastus2,null
Sub-Moog-Commercial-EndUserVirtualization-Prod,USAE2SVPXERP019,RG-USAE2-CITRIX-INFRASTRUCTURE-VIRTUALHOSTS-PROD,None,eastus2,null
Sub-Moog-Commercial-EndUserVirtualization-Prod,USAE2SVPXERP020,RG-USAE2-CITRIX-INFRASTRUCTURE-VIRTUALHOSTS-PROD,None,eastus2,null
Sub-Moog-Commercial-EndUserVirtualization-Prod,USAE2SVPXERP021,RG-USAE2-CITRIX-INFRASTRUCTURE-VIRTUALHOSTS-PROD,None,eastus2,null
Sub-Moog-Commercial-EndUserVirtualization-Prod,USAE2SVPXERP022,RG-USAE2-CITRIX-INFRASTRUCTURE-VIRTUALHOSTS-PROD,None,eastus2,null
Sub-Moog-Commercial-EndUserVirtualization-Prod,USAE2SVPXERP023,RG-USAE2-CITRIX-INFRASTRUCTURE-VIRTUALHOSTS-PROD,None,eastus2,null
Sub-Moog-Commercial-EndUserVirtualization-Prod,USAE2SVPXERP024,RG-USAE2-CITRIX-INFRASTRUCTURE-VIRTUALHOSTS-PROD,None,eastus2,null
Sub-Moog-Commercial-EndUserVirtualization-Prod,USAE2SVPXERP025,RG-USAE2-CITRIX-INFRASTRUCTURE-VIRTUALHOSTS-PROD,None,eastus2,null
Sub-Moog-Commercial-EndUserVirtualization-Prod,USAE2SVPXERP026,RG-USAE2-CITRIX-INFRASTRUCTURE-VIRTUALHOSTS-PROD,None,eastus2,null
Sub-Moog-Commercial-EndUserVirtualization-Prod,USAE2SVPXERP027,RG-USAE2-CITRIX-INFRASTRUCTURE-VIRTUALHOSTS-PROD,None,eastus2,null
Sub-Moog-Commercial-EndUserVirtualization-Prod,USAE2SVPXERP028,RG-USAE2-CITRIX-INFRASTRUCTURE-VIRTUALHOSTS-PROD,None,eastus2,null
Sub-Moog-Commercial-EndUserVirtualization-Prod,USAE2SVPXERP029,RG-USAE2-CITRIX-INFRASTRUCTURE-VIRTUALHOSTS-PROD,None,eastus2,null
Sub-Moog-Commercial-EndUserVirtualization-Prod,USAE2SVPXERP030,RG-USAE2-CITRIX-INFRASTRUCTURE-VIRTUALHOSTS-PROD,None,eastus2,null
Sub-Moog-Commercial-EndUserVirtualization-Prod,USAE2SVPXERP031,RG-USAE2-CITRIX-INFRASTRUCTURE-VIRTUALHOSTS-PROD,None,eastus2,null
Sub-Moog-Commercial-EndUserVirtualization-Prod,USAE2SVPXERP032,RG-USAE2-CITRIX-INFRASTRUCTURE-VIRTUALHOSTS-PROD,None,eastus2,null
Sub-Moog-Commercial-EndUserVirtualization-Prod,USAE2SVPXERP033,RG-USAE2-CITRIX-INFRASTRUCTURE-VIRTUALHOSTS-PROD,None,eastus2,null
Sub-Moog-Commercial-EndUserVirtualization-Prod,USAE2SVPXERP034,RG-USAE2-CITRIX-INFRASTRUCTURE-VIRTUALHOSTS-PROD,None,eastus2,null
Sub-Moog-Commercial-EndUserVirtualization-Prod,USAE2SVPXERP035,RG-USAE2-CITRIX-INFRASTRUCTURE-VIRTUALHOSTS-PROD,None,eastus2,null
Sub-Moog-Commercial-EndUserVirtualization-Prod,USAE2SVPXGEN021,RG-USAE2-CITRIX-INFRASTRUCTURE-VIRTUALHOSTS-PROD,FAST2-Sun-Prod,eastus2,Fast2-USAE2-EndUserVirtualization-Prod
Sub-Moog-Commercial-EndUserVirtualization-Prod,USAE2SVPXGEN024,RG-USAE2-CITRIX-INFRASTRUCTURE-VIRTUALHOSTS-PROD,FAST2-Sun-Prod,eastus2,Fast2-USAE2-EndUserVirtualization-Prod
Sub-Moog-Commercial-EndUserVirtualization-Prod,USAE2SVPXGEN025,RG-USAE2-CITRIX-INFRASTRUCTURE-VIRTUALHOSTS-PROD,FAST2-Sun-Prod,eastus2,Fast2-USAE2-EndUserVirtualization-Prod
Sub-Moog-Commercial-EndUserVirtualization-Prod,USAE2SVPXGEN026,RG-USAE2-CITRIX-INFRASTRUCTURE-VIRTUALHOSTS-PROD,FAST2-Sun-Prod,eastus2,Fast2-USAE2-EndUserVirtualization-Prod
Sub-Moog-Commercial-EndUserVirtualization-Prod,USAE2SVPXGEN027,RG-USAE2-CITRIX-INFRASTRUCTURE-VIRTUALHOSTS-PROD,FAST2-Sun-Prod,eastus2,Fast2-USAE2-EndUserVirtualization-Prod
Sub-Moog-Commercial-EndUserVirtualization-Prod,USAE2SVPXGEN028,RG-USAE2-CITRIX-INFRASTRUCTURE-VIRTUALHOSTS-PROD,FAST2-Sun-Prod,eastus2,Fast2-USAE2-EndUserVirtualization-Prod
Sub-Moog-Commercial-EndUserVirtualization-Prod,USAE2SVPXWPS011,RG-USAE2-CITRIX-INFRASTRUCTURE-VIRTUALHOSTS-PROD,None,eastus2,null
Sub-Moog-Commercial-EndUserVirtualization-Prod,USAE2SVPXWPS012,RG-USAE2-CITRIX-INFRASTRUCTURE-VIRTUALHOSTS-PROD,None,eastus2,null
Sub-Moog-Commercial-EndUserVirtualization-Prod,USAE2SVPXWPS013,RG-USAE2-CITRIX-INFRASTRUCTURE-VIRTUALHOSTS-PROD,None,eastus2,null
Sub-Moog-Commercial-EndUserVirtualization-Prod,USAE2SVPXWPS014,RG-USAE2-CITRIX-INFRASTRUCTURE-VIRTUALHOSTS-PROD,None,eastus2,null
Sub-Moog-Commercial-EndUserVirtualization-Prod,USAE2SVPXWPS015,RG-USAE2-CITRIX-INFRASTRUCTURE-VIRTUALHOSTS-PROD,None,eastus2,null
Sub-Moog-Commercial-EndUserVirtualization-Prod,NLAW2SVPXCCC001,RG-NLAW2-CITRIX-INFRASTRUTURE-CLOUDCONNECTORS-PROD,Custom3-Sun-Prod,westeurope,Custom3-NLAW2-EndUserVirtualization-Prod
Sub-Moog-Commercial-EndUserVirtualization-Prod,NLAW2SVPXCCC002,RG-NLAW2-CITRIX-INFRASTRUTURE-CLOUDCONNECTORS-PROD,Custom1-Tue-Prod,westeurope,Custom1-NLAW2-Sub-EndUserVirtualization-Prod
Sub-Moog-Commercial-EndUserVirtualization-Prod,NLAW2SVPXCCC003,RG-NLAW2-CITRIX-INFRASTRUTURE-CLOUDCONNECTORS-PROD,Custom2-Thur-Prod,westeurope,Custom2-LAW2-EndUserVirtualization-Prod
Sub-Moog-Commercial-EndUserVirtualization-Prod,NLAW2SVPXFAS001,RG-NLAW2-CITRIX-INFRASTRUTURE-FAS-PROD,Custom3-Sun-Prod,westeurope,Custom3-NLAW2-EndUserVirtualization-Prod
Sub-Moog-Commercial-EndUserVirtualization-Prod,NLAW2SVPXFAS002,RG-NLAW2-CITRIX-INFRASTRUTURE-FAS-PROD,Custom1-Tue-Prod,westeurope,Custom1-NLAW2-Sub-EndUserVirtualization-Prod
Sub-Moog-Commercial-EndUserVirtualization-Prod,NLAW2SVPXSDP000,RG-NLAW2-CITRIX-INFRASTRUTURE-MASTERIMAGES-PROD,FAST2-Sun-Prod,westeurope,null
Sub-Moog-Commercial-EndUserVirtualization-Prod,NLAW2SVPXSHD000,RG-NLAW2-CITRIX-INFRASTRUTURE-MASTERIMAGES-PROD,FAST2-Sun-Prod,westeurope,null
Sub-Moog-Commercial-EndUserVirtualization-Prod,NLAW2SVPXVDN000,RG-NLAW2-CITRIX-INFRASTRUTURE-MASTERIMAGES-PROD,SCCM,westeurope,null
Sub-Moog-Commercial-EndUserVirtualization-Prod,NLAW2SVPXVDP000,RG-NLAW2-CITRIX-INFRASTRUTURE-MASTERIMAGES-PROD,DG-LUX-PROD-VDI,westeurope,null
Sub-Moog-Commercial-EndUserVirtualization-Prod,NLAW2WKPXVDP000,RG-NLAW2-CITRIX-INFRASTRUTURE-MASTERIMAGES-PROD,DG-LUX-PROD-VDI,westeurope,null
Sub-Moog-Commercial-EndUserVirtualization-Prod,NLAW2SVPXDFS001,RG-NLAW2-CITRIX-INFRASTRUTURE-STORAGE-PROD,Custom3-Sun-Prod,westeurope,Custom3-NLAW2-EndUserVirtualization-Prod
Sub-Moog-Commercial-EndUserVirtualization-Prod,NLAW2SVPXDFS002,RG-NLAW2-CITRIX-INFRASTRUTURE-STORAGE-PROD,Custom1-Tue-Prod,westeurope,Custom1-NLAW2-Sub-EndUserVirtualization-Prod
Sub-Moog-Commercial-EndUserVirtualization-Prod,NLAW2SVPXDFS003,RG-NLAW2-CITRIX-INFRASTRUTURE-STORAGE-PROD,Custom1-Tue-Prod,westeurope,Custom1-NLAW2-Sub-EndUserVirtualization-Prod
Sub-Moog-Commercial-EndUserVirtualization-Prod,NLAW2SDXVDP01,RG-NLAW2-CITRIX-INFRASTRUTURE-VIRTUALDESKTOPS-PROD02,DG-LUX-PROD-VDI,westeurope,null
Sub-Moog-Commercial-EndUserVirtualization-Prod,NLAW2SDXVDP07,RG-NLAW2-CITRIX-INFRASTRUTURE-VIRTUALDESKTOPS-PROD02,DG-LUX-PROD-VDI,westeurope,null
Sub-Moog-Commercial-EndUserVirtualization-Prod,NLAW2SDXVDP16,RG-NLAW2-CITRIX-INFRASTRUTURE-VIRTUALDESKTOPS-PROD02, DG-LUX-PROD-VDI,westeurope,null
Sub-Moog-Commercial-EndUserVirtualization-Prod,NLAW2SDXVDP21,RG-NLAW2-CITRIX-INFRASTRUTURE-VIRTUALDESKTOPS-PROD02, DG-LUX-PROD-VDI,westeurope,null
Sub-Moog-Commercial-EndUserVirtualization-Prod,NLAW2SDXVDP22,RG-NLAW2-CITRIX-INFRASTRUTURE-VIRTUALDESKTOPS-PROD02, DG-LUX-PROD-VDI,westeurope,null
Sub-Moog-Commercial-EndUserVirtualization-Prod,NLAW2SDXVDP23,RG-NLAW2-CITRIX-INFRASTRUTURE-VIRTUALDESKTOPS-PROD02, DG-LUX-PROD-VDI,westeurope,null
Sub-Moog-Commercial-EndUserVirtualization-Prod,NLAW2SDXVDP24,RG-NLAW2-CITRIX-INFRASTRUTURE-VIRTUALDESKTOPS-PROD02, DG-LUX-PROD-VDI,westeurope,null
Sub-Moog-Commercial-EndUserVirtualization-Prod,NLAW2SDXVDP26,RG-NLAW2-CITRIX-INFRASTRUTURE-VIRTUALDESKTOPS-PROD02,None,westeurope,null
Sub-Moog-Commercial-EndUserVirtualization-Prod,NLAW2SVPXVDP007,RG-NLAW2-CITRIX-INFRASTRUTURE-VIRTUALDESKTOPS-PROD04,DG-LUX-PROD-VDI,westeurope,null
Sub-Moog-Commercial-EndUserVirtualization-Prod,NLAW2SVPXVDP028,RG-NLAW2-CITRIX-INFRASTRUTURE-VIRTUALDESKTOPS-PROD04,DG-LUX-PROD-VDI,westeurope,null
Sub-Moog-Commercial-EndUserVirtualization-Prod,NLAW2SVPXVDP030,RG-NLAW2-CITRIX-INFRASTRUTURE-VIRTUALDESKTOPS-PROD04,DG-LUX-PROD-VDI,westeurope,null
Sub-Moog-Commercial-EndUserVirtualization-Prod,NLAW2SVPXVDP031,RG-NLAW2-CITRIX-INFRASTRUTURE-VIRTUALDESKTOPS-PROD04,DG-LUX-PROD-VDI,westeurope,null
Sub-Moog-Commercial-EndUserVirtualization-Prod,NLAW2SVPXVDP033,RG-NLAW2-CITRIX-INFRASTRUTURE-VIRTUALDESKTOPS-PROD04,DG-LUX-PROD-VDI,westeurope,null
Sub-Moog-Commercial-EndUserVirtualization-Prod,NLAW2SVPXVDP035,RG-NLAW2-CITRIX-INFRASTRUTURE-VIRTUALDESKTOPS-PROD04,DG-LUX-PROD-VDI,westeurope,null
Sub-Moog-Commercial-EndUserVirtualization-Prod,NLAW2SVPXVDP036,RG-NLAW2-CITRIX-INFRASTRUTURE-VIRTUALDESKTOPS-PROD04,DG-LUX-PROD-VDI,westeurope,null
Sub-Moog-Commercial-EndUserVirtualization-Prod,NLAW2SVPXVDP037,RG-NLAW2-CITRIX-INFRASTRUTURE-VIRTUALDESKTOPS-PROD04,DG-LUX-PROD-VDI,westeurope,null
Sub-Moog-Commercial-EndUserVirtualization-Prod,NLAW2SVPXVDP039,RG-NLAW2-CITRIX-INFRASTRUTURE-VIRTUALDESKTOPS-PROD04,DG-LUX-PROD-VDI,westeurope,null
Sub-Moog-Commercial-EndUserVirtualization-Prod,NLAW2SVPXVDP040,RG-NLAW2-CITRIX-INFRASTRUTURE-VIRTUALDESKTOPS-PROD04,DG-LUX-PROD-VDI,westeurope,null
Sub-Moog-Commercial-EndUserVirtualization-Prod,NLAW2SVPXVDP044,RG-NLAW2-CITRIX-INFRASTRUTURE-VIRTUALDESKTOPS-PROD04,DG-LUX-PROD-VDI,westeurope,null
Sub-Moog-Commercial-EndUserVirtualization-Prod,NLAW2SVPXVDP045,RG-NLAW2-CITRIX-INFRASTRUTURE-VIRTUALDESKTOPS-PROD04,DG-LUX-PROD-VDI,westeurope,null
Sub-Moog-Commercial-EndUserVirtualization-Prod,NLAW2SVPXVDP046,RG-NLAW2-CITRIX-INFRASTRUTURE-VIRTUALDESKTOPS-PROD04,DG-LUX-PROD-VDI,westeurope,null
Sub-Moog-Commercial-EndUserVirtualization-Prod,NLAW2SVPXVDP047,RG-NLAW2-CITRIX-INFRASTRUTURE-VIRTUALDESKTOPS-PROD04,DG-LUX-PROD-VDI,westeurope,null
Sub-Moog-Commercial-EndUserVirtualization-Prod,NLAW2SVPXVDP048,RG-NLAW2-CITRIX-INFRASTRUTURE-VIRTUALDESKTOPS-PROD04,DG-LUX-PROD-VDI,westeurope,null
Sub-Moog-Commercial-EndUserVirtualization-Prod,NLAW2SVPXVDP055,RG-NLAW2-CITRIX-INFRASTRUTURE-VIRTUALDESKTOPS-PROD04,DG-LUX-PROD-VDI,westeurope,null
Sub-Moog-Commercial-EndUserVirtualization-Prod,NLAW2SVPXVDP056,RG-NLAW2-CITRIX-INFRASTRUTURE-VIRTUALDESKTOPS-PROD04,DG-LUX-PROD-VDI,westeurope,null
Sub-Moog-Commercial-EndUserVirtualization-Prod,NLAW2SVPXVDP058,RG-NLAW2-CITRIX-INFRASTRUTURE-VIRTUALDESKTOPS-PROD04,DG-LUX-PROD-VDI,westeurope,null
Sub-Moog-Commercial-EndUserVirtualization-Prod,NLAW2SVPXVDP059,RG-NLAW2-CITRIX-INFRASTRUTURE-VIRTUALDESKTOPS-PROD04,DG-LUX-PROD-VDI,westeurope,null
Sub-Moog-Commercial-EndUserVirtualization-Prod,NLAW2SVPXVDP064,RG-NLAW2-CITRIX-INFRASTRUTURE-VIRTUALDESKTOPS-PROD04,DG-LUX-PROD-VDI,westeurope,null
Sub-Moog-Commercial-EndUserVirtualization-Prod,NLAW2SVPXVDP067,RG-NLAW2-CITRIX-INFRASTRUTURE-VIRTUALDESKTOPS-PROD04,DG-LUX-PROD-VDI,westeurope,null
Sub-Moog-Commercial-EndUserVirtualization-Prod,NLAW2SVPXVDP068,RG-NLAW2-CITRIX-INFRASTRUTURE-VIRTUALDESKTOPS-PROD04,DG-LUX-PROD-VDI,westeurope,null
Sub-Moog-Commercial-EndUserVirtualization-Prod,NLAW2SVPXVDP071,RG-NLAW2-CITRIX-INFRASTRUTURE-VIRTUALDESKTOPS-PROD04,DG-LUX-PROD-VDI,westeurope,null
Sub-Moog-Commercial-EndUserVirtualization-Prod,NLAW2SVPXVDP072,RG-NLAW2-CITRIX-INFRASTRUTURE-VIRTUALDESKTOPS-PROD04,DG-LUX-PROD-VDI,westeurope,null
Sub-Moog-Commercial-EndUserVirtualization-Prod,NLAW2SVPXVDP073,RG-NLAW2-CITRIX-INFRASTRUTURE-VIRTUALDESKTOPS-PROD04,DG-LUX-PROD-VDI,westeurope,null
Sub-Moog-Commercial-EndUserVirtualization-Prod,NLAW2SVPXVDP076,RG-NLAW2-CITRIX-INFRASTRUTURE-VIRTUALDESKTOPS-PROD04,DG-LUX-PROD-VDI,westeurope,null
Sub-Moog-Commercial-EndUserVirtualization-Prod,NLAW2SVPXVDP077,RG-NLAW2-CITRIX-INFRASTRUTURE-VIRTUALDESKTOPS-PROD04,DG-LUX-PROD-VDI,westeurope,null
Sub-Moog-Commercial-EndUserVirtualization-Prod,NLAW2SVPXVDP078,RG-NLAW2-CITRIX-INFRASTRUTURE-VIRTUALDESKTOPS-PROD04,DG-LUX-PROD-VDI,westeurope,null
Sub-Moog-Commercial-EndUserVirtualization-Prod,NLAW2SVPXVDP080,RG-NLAW2-CITRIX-INFRASTRUTURE-VIRTUALDESKTOPS-PROD04,DG-LUX-PROD-VDI,westeurope,null
Sub-Moog-Commercial-EndUserVirtualization-Prod,USAE2SVPXWPS016,RG-USAE2-CITRIX-INFRASTRUCTURE-VIRTUALHOSTS-PROD,None,eastus2,null
Sub-Moog-Commercial-EndUserVirtualization-Prod,USAE2SVPXWPS017,RG-USAE2-CITRIX-INFRASTRUCTURE-VIRTUALHOSTS-PROD,None,eastus2,null
Sub-Moog-Commercial-EndUserVirtualization-Prod,USAE2SVPXWPS018,RG-USAE2-CITRIX-INFRASTRUCTURE-VIRTUALHOSTS-PROD,None,eastus2,null
Sub-Moog-Commercial-EndUserVirtualization-Prod,USAE2SVPXWPS019,RG-USAE2-CITRIX-INFRASTRUCTURE-VIRTUALHOSTS-PROD,None,eastus2,null
Sub-Moog-Commercial-EndUserVirtualization-Prod,USAE2SVPXWPS020,RG-USAE2-CITRIX-INFRASTRUCTURE-VIRTUALHOSTS-PROD,None,eastus2,null
Sub-Moog-Commercial-EndUserVirtualization-Prod,usae2svduxwco01,RG-USAE2-CITRIX-INFRASTRUCTURE-WIN11-MULTISESSION,FAST2-Sun-Prod,eastus2,Fast2-USAE2-EndUserVirtualization-Prod
Sub-Moog-Commercial-EndUserVirtualization-Prod,USAE2SVPXCCC001,RG-USAE2-CITRIX-INFRASTRUTURE-CLOUDCONNECTORS-PROD,Custom3-Sun-Prod,eastus2,Custom3-USAE2-EndUserVirtualization-Prod
Sub-Moog-Commercial-EndUserVirtualization-Prod,USAE2SVPXCCC002,RG-USAE2-CITRIX-INFRASTRUTURE-CLOUDCONNECTORS-PROD,Custom1-Tue-Prod,eastus2,Custom1-USAE2-EndUserVirtualization-Prod
Sub-Moog-Commercial-EndUserVirtualization-Prod,USAE2SVPXCCC003,RG-USAE2-CITRIX-INFRASTRUTURE-CLOUDCONNECTORS-PROD,Custom2-Thur-Prod,eastus2,Custom2-USAE2-EndUserVirtualization-Prod
Sub-Moog-Commercial-EndUserVirtualization-Prod,USAE2SVPXFAS001,RG-USAE2-CITRIX-INFRASTRUTURE-FAS-PROD,Custom3-Sun-Prod,eastus2,Custom3-USAE2-EndUserVirtualization-Prod
Sub-Moog-Commercial-EndUserVirtualization-Prod,USAE2SVPXFAS002,RG-USAE2-CITRIX-INFRASTRUTURE-FAS-PROD,Custom1-Tue-Prod,eastus2,Custom1-USAE2-EndUserVirtualization-Prod
Sub-Moog-Commercial-EndUserVirtualization-Prod,USAE2SVGXVDP000,RG-USAE2-CITRIX-INFRASTRUTURE-MASTERIMAGES-GOV-PROD,FAST2-Sun-Prod,eastus2,Fast2-USAE2-EndUserVirtualization-Prod
Sub-Moog-Commercial-EndUserVirtualization-Prod,USAE2SVPGICN000,RG-USAE2-CITRIX-INFRASTRUTURE-MASTERIMAGES-PROD,FAST2-Sun-Prod,eastus2,Fast2-USAE2-EndUserVirtualization-Prod
Sub-Moog-Commercial-EndUserVirtualization-Prod,USAE2SVPXCLB000,RG-USAE2-CITRIX-INFRASTRUTURE-MASTERIMAGES-PROD,FAST2-Sun-Prod,eastus2,Fast2-USAE2-EndUserVirtualization-Prod
Sub-Moog-Commercial-EndUserVirtualization-Prod,USAE2SVPXERP000,RG-USAE2-CITRIX-INFRASTRUTURE-MASTERIMAGES-PROD,FAST2-Sun-Prod,eastus2,Fast2-USAE2-EndUserVirtualization-Prod
Sub-Moog-Commercial-EndUserVirtualization-Prod,USAE2SVPXGEN000,RG-USAE2-CITRIX-INFRASTRUTURE-MASTERIMAGES-PROD,FAST2-Sun-Prod,eastus2,Fast2-USAE2-EndUserVirtualization-Prod
Sub-Moog-Commercial-EndUserVirtualization-Prod,usae2svpxgigen0,RG-USAE2-CITRIX-INFRASTRUTURE-MASTERIMAGES-PROD,FAST2-Sun-Prod,eastus2,Fast2-USAE2-EndUserVirtualization-Prod
Sub-Moog-Commercial-EndUserVirtualization-Prod,USAE2SVPXVDP000,RG-USAE2-CITRIX-INFRASTRUTURE-MASTERIMAGES-PROD,SCCM,eastus2,null
Sub-Moog-Commercial-EndUserVirtualization-Prod,USAE2SVPXVDP100,RG-USAE2-CITRIX-INFRASTRUTURE-MASTERIMAGES-PROD,DG-LUX-PROD-VDI,eastus2,null
Sub-Moog-Commercial-EndUserVirtualization-Prod,USAE2SVPXWPS000,RG-USAE2-CITRIX-INFRASTRUTURE-MASTERIMAGES-PROD,FAST2-Sun-Prod,eastus2,Fast2-USAE2-EndUserVirtualization-Prod
Sub-Moog-Commercial-EndUserVirtualization-Prod,USAE2SVPXDFS001,RG-USAE2-CITRIX-INFRASTRUTURE-STORAGE-PROD,Custom3-Sun-Prod,eastus2,Custom3-USAE2-EndUserVirtualization-Prod
Sub-Moog-Commercial-EndUserVirtualization-Prod,USAE2SVPXDFS002,RG-USAE2-CITRIX-INFRASTRUTURE-STORAGE-PROD,Custom1-Tue-Prod,eastus2,Custom1-USAE2-EndUserVirtualization-Prod
Sub-Moog-Commercial-EndUserVirtualization-Prod,USAE2SVPXDFS003,RG-USAE2-CITRIX-INFRASTRUTURE-STORAGE-PROD,Custom1-Tue-Prod,eastus2,Custom1-USAE2-EndUserVirtualization-Prod
Sub-Moog-Commercial-EndUserVirtualization-Prod,usae2prdbrk01,RG-USAE2-RDS-BROKER,SLOW3-Sun-Prod,eastus2,Slow3-USAE2-EndUserVirtualization-Prod
Sub-Moog-Commercial-EndUserVirtualization-Prod,usae2prdbrk02,RG-USAE2-RDS-BROKER,SLOW2-Thur-Prod,eastus2,Slow2-USAE2-EndUserVirtualization-Prod
Sub-Moog-Commercial-EndUserVirtualization-Prod,NLAW2SVPXVDP082,RG-NLAW2-CITRIX-INFRASTRUTURE-VIRTUALDESKTOPS-PROD04,DG-LUX-PROD-VDI,westeurope,null
Sub-Moog-Commercial-EndUserVirtualization-Prod,NLAW2SVPXVDP083,RG-NLAW2-CITRIX-INFRASTRUTURE-VIRTUALDESKTOPS-PROD04,DG-LUX-PROD-VDI,westeurope,null
Sub-Moog-Commercial-EndUserVirtualization-Prod,NLAW2SVPXVDP084,RG-NLAW2-CITRIX-INFRASTRUTURE-VIRTUALDESKTOPS-PROD04,DG-LUX-PROD-VDI,westeurope,null
Sub-Moog-Commercial-EndUserVirtualization-Prod,NLAW2SVPXVDP085,RG-NLAW2-CITRIX-INFRASTRUTURE-VIRTUALDESKTOPS-PROD04,DG-LUX-PROD-VDI,westeurope,null
Sub-Moog-Commercial-EndUserVirtualization-Prod,NLAW2SVPXVDP086,RG-NLAW2-CITRIX-INFRASTRUTURE-VIRTUALDESKTOPS-PROD04,DG-LUX-PROD-VDI,westeurope,null
Sub-Moog-Commercial-EndUserVirtualization-Prod,NLAW2SVPXVDP087,RG-NLAW2-CITRIX-INFRASTRUTURE-VIRTUALDESKTOPS-PROD04,DG-LUX-PROD-VDI,westeurope,null
Sub-Moog-Commercial-EndUserVirtualization-Prod,NLAW2SVPXVDP088,RG-NLAW2-CITRIX-INFRASTRUTURE-VIRTUALDESKTOPS-PROD04,DG-LUX-PROD-VDI,westeurope,null
Sub-Moog-Commercial-EndUserVirtualization-Prod,NLAW2SVPXVDP091,RG-NLAW2-CITRIX-INFRASTRUTURE-VIRTUALDESKTOPS-PROD04,DG-LUX-PROD-VDI,westeurope,null
Sub-Moog-Commercial-EndUserVirtualization-Prod,NLAW2SVPXVDP093,RG-NLAW2-CITRIX-INFRASTRUTURE-VIRTUALDESKTOPS-PROD04,DG-LUX-PROD-VDI,westeurope,null
Sub-Moog-Commercial-EndUserVirtualization-Prod,NLAW2SVPXVDP094,RG-NLAW2-CITRIX-INFRASTRUTURE-VIRTUALDESKTOPS-PROD04,DG-LUX-PROD-VDI,westeurope,null
Sub-Moog-Commercial-EndUserVirtualization-Prod,NLAW2SVPXVDP095,RG-NLAW2-CITRIX-INFRASTRUTURE-VIRTUALDESKTOPS-PROD04,DG-LUX-PROD-VDI,westeurope,null
Sub-Moog-Commercial-EndUserVirtualization-Prod,NLAW2SVPXVDP096,RG-NLAW2-CITRIX-INFRASTRUTURE-VIRTUALDESKTOPS-PROD04,DG-LUX-PROD-VDI,westeurope,null
Sub-Moog-Commercial-EndUserVirtualization-Prod,NLAW2SVPXVDP097,RG-NLAW2-CITRIX-INFRASTRUTURE-VIRTUALDESKTOPS-PROD04,DG-LUX-PROD-VDI,westeurope,null
Sub-Moog-Commercial-EndUserVirtualization-Prod,NLAW2SVPXVDP098,RG-NLAW2-CITRIX-INFRASTRUTURE-VIRTUALDESKTOPS-PROD04,DG-LUX-PROD-VDI,westeurope,null
Sub-Moog-Commercial-EndUserVirtualization-Prod,NLAW2SVPXVDP099,RG-NLAW2-CITRIX-INFRASTRUTURE-VIRTUALDESKTOPS-PROD04,DG-LUX-PROD-VDI,westeurope,null
Sub-Moog-Commercial-EndUserVirtualization-Prod,NLAW2SVPXVDP100,RG-NLAW2-CITRIX-INFRASTRUTURE-VIRTUALDESKTOPS-PROD04,DG-LUX-PROD-VDI,westeurope,null
Sub-Moog-Commercial-EndUserVirtualization-Prod,NLAW2SVPXVDP101,RG-NLAW2-CITRIX-INFRASTRUTURE-VIRTUALDESKTOPS-PROD04,DG-LUX-PROD-VDI,westeurope,null
Sub-Moog-Commercial-EndUserVirtualization-Prod,NLAW2SVPXVDP102,RG-NLAW2-CITRIX-INFRASTRUTURE-VIRTUALDESKTOPS-PROD04,DG-LUX-PROD-VDI,westeurope,null
Sub-Moog-Commercial-EndUserVirtualization-Prod,NLAW2SVPXVDP103,RG-NLAW2-CITRIX-INFRASTRUTURE-VIRTUALDESKTOPS-PROD04,DG-LUX-PROD-VDI,westeurope,null
Sub-Moog-Commercial-EndUserVirtualization-Prod,NLAW2SVPXVDP104,RG-NLAW2-CITRIX-INFRASTRUTURE-VIRTUALDESKTOPS-PROD04,DG-LUX-PROD-VDI,westeurope,null
Sub-Moog-Commercial-EndUserVirtualization-Prod,NLAW2SVPXVDP105,RG-NLAW2-CITRIX-INFRASTRUTURE-VIRTUALDESKTOPS-PROD04,DG-LUX-PROD-VDI,westeurope,null
Sub-Moog-Commercial-EndUserVirtualization-Prod,NLAW2SVPXVDP106,RG-NLAW2-CITRIX-INFRASTRUTURE-VIRTUALDESKTOPS-PROD04,DG-LUX-PROD-VDI,westeurope,null
Sub-Moog-Commercial-EndUserVirtualization-Prod,NLAW2SVPXVDP107,RG-NLAW2-CITRIX-INFRASTRUTURE-VIRTUALDESKTOPS-PROD04,DG-LUX-PROD-VDI,westeurope,null
Sub-Moog-Commercial-EndUserVirtualization-Prod,NLAW2SVPXVDP108,RG-NLAW2-CITRIX-INFRASTRUTURE-VIRTUALDESKTOPS-PROD04,DG-LUX-PROD-VDI,westeurope,null
Sub-Moog-Commercial-EndUserVirtualization-Prod,NLAW2SVPXVDP109,RG-NLAW2-CITRIX-INFRASTRUTURE-VIRTUALDESKTOPS-PROD04,DG-LUX-PROD-VDI,westeurope,null
Sub-Moog-Commercial-EndUserVirtualization-Prod,NLAW2SVPXVDP110,RG-NLAW2-CITRIX-INFRASTRUTURE-VIRTUALDESKTOPS-PROD04,DG-LUX-PROD-VDI,westeurope,null
Sub-Moog-Commercial-EndUserVirtualization-Prod,NLAW2SVPXVDP112,RG-NLAW2-CITRIX-INFRASTRUTURE-VIRTUALDESKTOPS-PROD04,DG-LUX-PROD-VDI,westeurope,null
Sub-Moog-Commercial-EndUserVirtualization-Prod,NLAW2SVPXVDP113,RG-NLAW2-CITRIX-INFRASTRUTURE-VIRTUALDESKTOPS-PROD04,DG-LUX-PROD-VDI,westeurope,null
Sub-Moog-Commercial-EndUserVirtualization-Prod,NLAW2SVPXVDP114,RG-NLAW2-CITRIX-INFRASTRUTURE-VIRTUALDESKTOPS-PROD04,DG-LUX-PROD-VDI,westeurope,null
Sub-Moog-Commercial-EndUserVirtualization-Prod,NLAW2SVPXVDP115,RG-NLAW2-CITRIX-INFRASTRUTURE-VIRTUALDESKTOPS-PROD04,DG-LUX-PROD-VDI,westeurope,null
Sub-Moog-Commercial-EndUserVirtualization-Prod,NLAW2SVPXVDP116,RG-NLAW2-CITRIX-INFRASTRUTURE-VIRTUALDESKTOPS-PROD04,DG-LUX-PROD-VDI,westeurope,null
Sub-Moog-Commercial-EndUserVirtualization-Prod,NLAW2SVPXVDP117,RG-NLAW2-CITRIX-INFRASTRUTURE-VIRTUALDESKTOPS-PROD04,DG-LUX-PROD-VDI,westeurope,null
Sub-Moog-Commercial-EndUserVirtualization-Prod,NLAW2SVPXVDP118,RG-NLAW2-CITRIX-INFRASTRUTURE-VIRTUALDESKTOPS-PROD04,DG-LUX-PROD-VDI,westeurope,null
Sub-Moog-Commercial-EndUserVirtualization-Prod,NLAW2SVPXVDP119,RG-NLAW2-CITRIX-INFRASTRUTURE-VIRTUALDESKTOPS-PROD04,DG-LUX-PROD-VDI,westeurope,null
Sub-Moog-Commercial-EndUserVirtualization-Prod,NLAW2SVPXVDP120,RG-NLAW2-CITRIX-INFRASTRUTURE-VIRTUALDESKTOPS-PROD04,DG-LUX-PROD-VDI,westeurope,null
Sub-Moog-Commercial-EndUserVirtualization-Prod,NLAW2SVPXVDP121,RG-NLAW2-CITRIX-INFRASTRUTURE-VIRTUALDESKTOPS-PROD04,DG-LUX-PROD-VDI,westeurope,null
Sub-Moog-Commercial-EndUserVirtualization-Prod,NLAW2SVPXVDP122,RG-NLAW2-CITRIX-INFRASTRUTURE-VIRTUALDESKTOPS-PROD04,DG-LUX-PROD-VDI,westeurope,null
Sub-Moog-Commercial-EndUserVirtualization-Prod,NLAW2SVPXVDP123,RG-NLAW2-CITRIX-INFRASTRUTURE-VIRTUALDESKTOPS-PROD04,DG-LUX-PROD-VDI,westeurope,null
Sub-Moog-Commercial-EndUserVirtualization-Prod,NLAW2SVPXVDP124,RG-NLAW2-CITRIX-INFRASTRUTURE-VIRTUALDESKTOPS-PROD04,DG-LUX-PROD-VDI,westeurope,null
Sub-Moog-Commercial-EndUserVirtualization-Prod,NLAW2SVPXVDP125,RG-NLAW2-CITRIX-INFRASTRUTURE-VIRTUALDESKTOPS-PROD04,DG-LUX-PROD-VDI,westeurope,null
Sub-Moog-Commercial-EndUserVirtualization-Prod,NLAW2SVPXVDP126,RG-NLAW2-CITRIX-INFRASTRUTURE-VIRTUALDESKTOPS-PROD04,DG-LUX-PROD-VDI,westeurope,null
Sub-Moog-Commercial-EndUserVirtualization-Prod,NLAW2SVPXVDP127,RG-NLAW2-CITRIX-INFRASTRUTURE-VIRTUALDESKTOPS-PROD04,DG-LUX-PROD-VDI,westeurope,null
Sub-Moog-Commercial-EndUserVirtualization-Prod,NLAW2SVPXVDP128,RG-NLAW2-CITRIX-INFRASTRUTURE-VIRTUALDESKTOPS-PROD04,DG-LUX-PROD-VDI,westeurope,null
Sub-Moog-Commercial-EndUserVirtualization-Prod,NLAW2SVPXVDP129,RG-NLAW2-CITRIX-INFRASTRUTURE-VIRTUALDESKTOPS-PROD04,DG-LUX-PROD-VDI,westeurope,null
Sub-Moog-Commercial-EndUserVirtualization-Prod,NLAW2SVPXVDP130,RG-NLAW2-CITRIX-INFRASTRUTURE-VIRTUALDESKTOPS-PROD04,DG-LUX-PROD-VDI,westeurope,null
Sub-Moog-Commercial-EndUserVirtualization-Prod,NLAW2SVPXVDP131,RG-NLAW2-CITRIX-INFRASTRUTURE-VIRTUALDESKTOPS-PROD04,DG-LUX-PROD-VDI,westeurope,null
Sub-Moog-Commercial-EndUserVirtualization-Prod,NLAW2SVPXVDP132,RG-NLAW2-CITRIX-INFRASTRUTURE-VIRTUALDESKTOPS-PROD04,DG-LUX-PROD-VDI,westeurope,null
Sub-Moog-Commercial-EndUserVirtualization-Prod,NLAW2SVPXVDP133,RG-NLAW2-CITRIX-INFRASTRUTURE-VIRTUALDESKTOPS-PROD04,DG-LUX-PROD-VDI,westeurope,null
Sub-Moog-Commercial-EndUserVirtualization-Prod,NLAW2SVPXVDP134,RG-NLAW2-CITRIX-INFRASTRUTURE-VIRTUALDESKTOPS-PROD04,DG-LUX-PROD-VDI,westeurope,null
Sub-Moog-Commercial-EndUserVirtualization-Prod,NLAW2SVPXVDP135,RG-NLAW2-CITRIX-INFRASTRUTURE-VIRTUALDESKTOPS-PROD04,DG-LUX-PROD-VDI,westeurope,null
Sub-Moog-Commercial-EndUserVirtualization-Prod,NLAW2SVPXVDP137,RG-NLAW2-CITRIX-INFRASTRUTURE-VIRTUALDESKTOPS-PROD04,DG-LUX-PROD-VDI,westeurope,null
Sub-Moog-Commercial-EndUserVirtualization-Prod,NLAW2SVPXVDP138,RG-NLAW2-CITRIX-INFRASTRUTURE-VIRTUALDESKTOPS-PROD04,DG-LUX-PROD-VDI,westeurope,null
Sub-Moog-Commercial-EndUserVirtualization-Prod,NLAW2SVPXVDP139,RG-NLAW2-CITRIX-INFRASTRUTURE-VIRTUALDESKTOPS-PROD04,DG-LUX-PROD-VDI,westeurope,null
Sub-Moog-Commercial-EndUserVirtualization-Prod,NLAW2SVPXVDP140,RG-NLAW2-CITRIX-INFRASTRUTURE-VIRTUALDESKTOPS-PROD04,DG-LUX-PROD-VDI,westeurope,null
Sub-Moog-Commercial-EndUserVirtualization-Prod,NLAW2SVPXVDP141,RG-NLAW2-CITRIX-INFRASTRUTURE-VIRTUALDESKTOPS-PROD04,DG-LUX-PROD-VDI,westeurope,null
Sub-Moog-Commercial-EndUserVirtualization-Prod,NLAW2SVPXVDP142,RG-NLAW2-CITRIX-INFRASTRUTURE-VIRTUALDESKTOPS-PROD04,DG-LUX-PROD-VDI,westeurope,null
Sub-Moog-Commercial-EndUserVirtualization-Prod,NLAW2SVPXVDP143,RG-NLAW2-CITRIX-INFRASTRUTURE-VIRTUALDESKTOPS-PROD04,DG-LUX-PROD-VDI,westeurope,null
Sub-Moog-Commercial-EndUserVirtualization-Prod,NLAW2SVPXVDP144,RG-NLAW2-CITRIX-INFRASTRUTURE-VIRTUALDESKTOPS-PROD04,DG-LUX-PROD-VDI,westeurope,null
Sub-Moog-Commercial-EndUserVirtualization-Prod,NLAW2SVPXVDP145,RG-NLAW2-CITRIX-INFRASTRUTURE-VIRTUALDESKTOPS-PROD04,DG-LUX-PROD-VDI,westeurope,null
Sub-Moog-Commercial-EndUserVirtualization-Prod,NLAW2SVPXVDP146,RG-NLAW2-CITRIX-INFRASTRUTURE-VIRTUALDESKTOPS-PROD04,DG-LUX-PROD-VDI,westeurope,null
Sub-Moog-Commercial-EndUserVirtualization-Prod,NLAW2SVPXVDP147,RG-NLAW2-CITRIX-INFRASTRUTURE-VIRTUALDESKTOPS-PROD04,DG-LUX-PROD-VDI,westeurope,null
Sub-Moog-Commercial-EndUserVirtualization-Prod,NLAW2SVPXVDP148,RG-NLAW2-CITRIX-INFRASTRUTURE-VIRTUALDESKTOPS-PROD04,DG-LUX-PROD-VDI,westeurope,null
Sub-Moog-Commercial-EndUserVirtualization-Prod,NLAW2SVPXVDP149,RG-NLAW2-CITRIX-INFRASTRUTURE-VIRTUALDESKTOPS-PROD04,DG-LUX-PROD-VDI,westeurope,null
Sub-Moog-Commercial-EndUserVirtualization-Prod,NLAW2SVPXVDP150,RG-NLAW2-CITRIX-INFRASTRUTURE-VIRTUALDESKTOPS-PROD04,DG-LUX-PROD-VDI,westeurope,null
Sub-Moog-Commercial-EndUserVirtualization-Prod,NLAW2SVPXVDP152,RG-NLAW2-CITRIX-INFRASTRUTURE-VIRTUALDESKTOPS-PROD04,DG-LUX-PROD-VDI,westeurope,null
Sub-Moog-Commercial-EndUserVirtualization-Prod,NLAW2SVPXVDP153,RG-NLAW2-CITRIX-INFRASTRUTURE-VIRTUALDESKTOPS-PROD04,DG-LUX-PROD-VDI,westeurope,null
Sub-Moog-Commercial-EndUserVirtualization-Prod,NLAW2SVPXVDP154,RG-NLAW2-CITRIX-INFRASTRUTURE-VIRTUALDESKTOPS-PROD04,DG-LUX-PROD-VDI,westeurope,null
Sub-Moog-Commercial-EndUserVirtualization-Prod,NLAW2SVPXVDP155,RG-NLAW2-CITRIX-INFRASTRUTURE-VIRTUALDESKTOPS-PROD04,DG-LUX-PROD-VDI,westeurope,null
Sub-Moog-Commercial-EndUserVirtualization-Prod,NLAW2SVPXVDP156,RG-NLAW2-CITRIX-INFRASTRUTURE-VIRTUALDESKTOPS-PROD04,DG-LUX-PROD-VDI,westeurope,null
Sub-Moog-Commercial-EndUserVirtualization-Prod,NLAW2SVPXVDP158,RG-NLAW2-CITRIX-INFRASTRUTURE-VIRTUALDESKTOPS-PROD04,DG-LUX-PROD-VDI,westeurope,null
Sub-Moog-Commercial-EndUserVirtualization-Prod,NLAW2SVPXVDP159,RG-NLAW2-CITRIX-INFRASTRUTURE-VIRTUALDESKTOPS-PROD04,DG-LUX-PROD-VDI,westeurope,null
Sub-Moog-Commercial-EndUserVirtualization-Prod,NLAW2SVPXVDP160,RG-NLAW2-CITRIX-INFRASTRUTURE-VIRTUALDESKTOPS-PROD04,DG-LUX-PROD-VDI,westeurope,null
Sub-Moog-Commercial-EndUserVirtualization-Prod,NLAW2SVPXVDP161,RG-NLAW2-CITRIX-INFRASTRUTURE-VIRTUALDESKTOPS-PROD04,DG-LUX-PROD-VDI,westeurope,null
Sub-Moog-Commercial-EndUserVirtualization-Prod,NLAW2SVPXVDP170,RG-NLAW2-CITRIX-INFRASTRUTURE-VIRTUALDESKTOPS-PROD04,DG-LUX-PROD-VDI,westeurope,null
Sub-Moog-Commercial-EndUserVirtualization-Prod,NLAW2SVPXVDP171,RG-NLAW2-CITRIX-INFRASTRUTURE-VIRTUALDESKTOPS-PROD04,DG-LUX-PROD-VDI,westeurope,null
Sub-Moog-Commercial-EndUserVirtualization-Prod,NLAW2SVPXVDP173,RG-NLAW2-CITRIX-INFRASTRUTURE-VIRTUALDESKTOPS-PROD04,DG-LUX-PROD-VDI,westeurope,null
Sub-Moog-Commercial-EndUserVirtualization-Prod,NLAW2SVPXVDP174,RG-NLAW2-CITRIX-INFRASTRUTURE-VIRTUALDESKTOPS-PROD04,DG-LUX-PROD-VDI,westeurope,null
Sub-Moog-Commercial-EndUserVirtualization-Prod,NLAW2SVPXVDP175,RG-NLAW2-CITRIX-INFRASTRUTURE-VIRTUALDESKTOPS-PROD04,DG-LUX-PROD-VDI,westeurope,null
Sub-Moog-Commercial-EndUserVirtualization-Prod,NLAW2SVPXVDP176,RG-NLAW2-CITRIX-INFRASTRUTURE-VIRTUALDESKTOPS-PROD04,DG-LUX-PROD-VDI,westeurope,null
Sub-Moog-Commercial-EndUserVirtualization-Prod,NLAW2SVPXVDP177,RG-NLAW2-CITRIX-INFRASTRUTURE-VIRTUALDESKTOPS-PROD04,DG-LUX-PROD-VDI,westeurope,null
Sub-Moog-Commercial-EndUserVirtualization-Prod,NLAW2SVPXVDP178,RG-NLAW2-CITRIX-INFRASTRUTURE-VIRTUALDESKTOPS-PROD04,DG-LUX-PROD-VDI,westeurope,null
Sub-Moog-Commercial-EndUserVirtualization-Prod,NLAW2SVPXVDP179,RG-NLAW2-CITRIX-INFRASTRUTURE-VIRTUALDESKTOPS-PROD04,DG-LUX-PROD-VDI,westeurope,null
Sub-Moog-Commercial-EndUserVirtualization-Prod,NLAW2SVPXVDP180,RG-NLAW2-CITRIX-INFRASTRUTURE-VIRTUALDESKTOPS-PROD04,DG-LUX-PROD-VDI,westeurope,null
Sub-Moog-Commercial-EndUserVirtualization-Prod,NLAW2SVPXVDP181,RG-NLAW2-CITRIX-INFRASTRUTURE-VIRTUALDESKTOPS-PROD04,DG-LUX-PROD-VDI,westeurope,null
Sub-Moog-Commercial-EndUserVirtualization-Prod,NLAW2SVPXVDP182,RG-NLAW2-CITRIX-INFRASTRUTURE-VIRTUALDESKTOPS-PROD04,DG-LUX-PROD-VDI,westeurope,null
Sub-Moog-Commercial-EndUserVirtualization-Prod,NLAW2SVPXVDP183,RG-NLAW2-CITRIX-INFRASTRUTURE-VIRTUALDESKTOPS-PROD04,DG-LUX-PROD-VDI,westeurope,null
Sub-Moog-Commercial-EndUserVirtualization-Prod,NLAW2SVPXVDP184,RG-NLAW2-CITRIX-INFRASTRUTURE-VIRTUALDESKTOPS-PROD04,DG-LUX-PROD-VDI,westeurope,null
Sub-Moog-Commercial-EndUserVirtualization-Prod,NLAW2SVPXVDP185,RG-NLAW2-CITRIX-INFRASTRUTURE-VIRTUALDESKTOPS-PROD04,DG-LUX-PROD-VDI,westeurope,null
Sub-Moog-Commercial-EndUserVirtualization-Prod,NLAW2SVPXVDP186,RG-NLAW2-CITRIX-INFRASTRUTURE-VIRTUALDESKTOPS-PROD04,DG-LUX-PROD-VDI,westeurope,null
Sub-Moog-Commercial-EndUserVirtualization-Prod,NLAW2SVPXVDP187,RG-NLAW2-CITRIX-INFRASTRUTURE-VIRTUALDESKTOPS-PROD04,DG-LUX-PROD-VDI,westeurope,null
Sub-Moog-Commercial-EndUserVirtualization-Prod,NLAW2SVPXVDP188,RG-NLAW2-CITRIX-INFRASTRUTURE-VIRTUALDESKTOPS-PROD04,DG-LUX-PROD-VDI,westeurope,null
Sub-Moog-Commercial-EndUserVirtualization-Prod,NLAW2SVPXVDP189,RG-NLAW2-CITRIX-INFRASTRUTURE-VIRTUALDESKTOPS-PROD04,DG-LUX-PROD-VDI,westeurope,null
Sub-Moog-Commercial-EndUserVirtualization-Prod,NLAW2SVPXVDP190,RG-NLAW2-CITRIX-INFRASTRUTURE-VIRTUALDESKTOPS-PROD04,DG-LUX-PROD-VDI,westeurope,null
Sub-Moog-Commercial-EndUserVirtualization-Prod,NLAW2SVPXVDP191,RG-NLAW2-CITRIX-INFRASTRUTURE-VIRTUALDESKTOPS-PROD04,DG-LUX-PROD-VDI,westeurope,null
Sub-Moog-Commercial-EndUserVirtualization-Prod,NLAW2SVPXVDP192,RG-NLAW2-CITRIX-INFRASTRUTURE-VIRTUALDESKTOPS-PROD04,DG-LUX-PROD-VDI,westeurope,null
Sub-Moog-Commercial-EndUserVirtualization-Prod,NLAW2SVPXVDP193,RG-NLAW2-CITRIX-INFRASTRUTURE-VIRTUALDESKTOPS-PROD04,DG-LUX-PROD-VDI,westeurope,null
Sub-Moog-Commercial-EndUserVirtualization-Prod,NLAW2SVPXVDP194,RG-NLAW2-CITRIX-INFRASTRUTURE-VIRTUALDESKTOPS-PROD04,DG-LUX-PROD-VDI,westeurope,null
Sub-Moog-Commercial-EndUserVirtualization-Prod,NLAW2SVPXVDP195,RG-NLAW2-CITRIX-INFRASTRUTURE-VIRTUALDESKTOPS-PROD04,DG-LUX-PROD-VDI,westeurope,null
Sub-Moog-Commercial-EndUserVirtualization-Prod,NLAW2SVPXVDP196,RG-NLAW2-CITRIX-INFRASTRUTURE-VIRTUALDESKTOPS-PROD04,DG-LUX-PROD-VDI,westeurope,null
Sub-Moog-Commercial-EndUserVirtualization-Prod,NLAW2SVPXVDP197,RG-NLAW2-CITRIX-INFRASTRUTURE-VIRTUALDESKTOPS-PROD04,DG-LUX-PROD-VDI,westeurope,null
Sub-Moog-Commercial-EndUserVirtualization-Prod,NLAW2SVPXVDP198,RG-NLAW2-CITRIX-INFRASTRUTURE-VIRTUALDESKTOPS-PROD04,DG-LUX-PROD-VDI,westeurope,null
Sub-Moog-Commercial-EndUserVirtualization-Prod,NLAW2SVPXVDP199,RG-NLAW2-CITRIX-INFRASTRUTURE-VIRTUALDESKTOPS-PROD04,DG-LUX-PROD-VDI,westeurope,null
Sub-Moog-Commercial-EndUserVirtualization-Prod,NLAW2SVPXVDP200,RG-NLAW2-CITRIX-INFRASTRUTURE-VIRTUALDESKTOPS-PROD04,DG-LUX-PROD-VDI,westeurope,null
Sub-Moog-Commercial-EndUserVirtualization-Prod,NLAW2SVPXVDP201,RG-NLAW2-CITRIX-INFRASTRUTURE-VIRTUALDESKTOPS-PROD04,DG-LUX-PROD-VDI,westeurope,null
Sub-Moog-Commercial-EndUserVirtualization-Prod,NLAW2SVPXVDP202,RG-NLAW2-CITRIX-INFRASTRUTURE-VIRTUALDESKTOPS-PROD04,DG-LUX-PROD-VDI,westeurope,null
Sub-Moog-Commercial-EndUserVirtualization-Prod,NLAW2SVPXVDP203,RG-NLAW2-CITRIX-INFRASTRUTURE-VIRTUALDESKTOPS-PROD04,DG-LUX-PROD-VDI,westeurope,null
Sub-Moog-Commercial-EndUserVirtualization-Prod,NLAW2SVPXVDP204,RG-NLAW2-CITRIX-INFRASTRUTURE-VIRTUALDESKTOPS-PROD04,DG-LUX-PROD-VDI,westeurope,null
Sub-Moog-Commercial-EndUserVirtualization-Prod,NLAW2SVPXVDP205,RG-NLAW2-CITRIX-INFRASTRUTURE-VIRTUALDESKTOPS-PROD04,DG-LUX-PROD-VDI,westeurope,null
Sub-Moog-Commercial-EndUserVirtualization-Prod,NLAW2SVPXVDP206,RG-NLAW2-CITRIX-INFRASTRUTURE-VIRTUALDESKTOPS-PROD04,DG-LUX-PROD-VDI,westeurope,null
Sub-Moog-Commercial-EndUserVirtualization-Prod,NLAW2SVPXVDP207,RG-NLAW2-CITRIX-INFRASTRUTURE-VIRTUALDESKTOPS-PROD04,DG-LUX-PROD-VDI,westeurope,null
Sub-Moog-Commercial-EndUserVirtualization-Prod,NLAW2SVPXVDP208,RG-NLAW2-CITRIX-INFRASTRUTURE-VIRTUALDESKTOPS-PROD04,DG-LUX-PROD-VDI,westeurope,null
Sub-Moog-Commercial-EndUserVirtualization-Prod,NLAW2SVPXVDP210,RG-NLAW2-CITRIX-INFRASTRUTURE-VIRTUALDESKTOPS-PROD04,DG-LUX-PROD-VDI,westeurope,null
Sub-Moog-Commercial-EndUserVirtualization-Prod,NLAW2SVPXVDP211,RG-NLAW2-CITRIX-INFRASTRUTURE-VIRTUALDESKTOPS-PROD04,DG-LUX-PROD-VDI,westeurope,null
Sub-Moog-Commercial-EndUserVirtualization-Prod,NLAW2SVPXVDP212,RG-NLAW2-CITRIX-INFRASTRUTURE-VIRTUALDESKTOPS-PROD04,DG-LUX-PROD-VDI,westeurope,null
Sub-Moog-Commercial-EndUserVirtualization-Prod,NLAW2SVPXVDP213,RG-NLAW2-CITRIX-INFRASTRUTURE-VIRTUALDESKTOPS-PROD04,DG-LUX-PROD-VDI,westeurope,null
Sub-Moog-Commercial-EndUserVirtualization-Prod,NLAW2SVPXVDP214,RG-NLAW2-CITRIX-INFRASTRUTURE-VIRTUALDESKTOPS-PROD04,DG-LUX-PROD-VDI,westeurope,null
Sub-Moog-Commercial-EndUserVirtualization-Prod,NLAW2SVPXVDP215,RG-NLAW2-CITRIX-INFRASTRUTURE-VIRTUALDESKTOPS-PROD04,DG-LUX-PROD-VDI,westeurope,null
Sub-Moog-Commercial-EndUserVirtualization-Prod,NLAW2SVPXVDP216,RG-NLAW2-CITRIX-INFRASTRUTURE-VIRTUALDESKTOPS-PROD04,DG-LUX-PROD-VDI,westeurope,null
Sub-Moog-Commercial-EndUserVirtualization-Prod,NLAW2SVPXVDP217,RG-NLAW2-CITRIX-INFRASTRUTURE-VIRTUALDESKTOPS-PROD04,DG-LUX-PROD-VDI,westeurope,null
Sub-Moog-Commercial-EndUserVirtualization-Prod,NLAW2SVPXVDP218,RG-NLAW2-CITRIX-INFRASTRUTURE-VIRTUALDESKTOPS-PROD04,DG-LUX-PROD-VDI,westeurope,null
Sub-Moog-Commercial-EndUserVirtualization-Prod,NLAW2SVPXVDP219,RG-NLAW2-CITRIX-INFRASTRUTURE-VIRTUALDESKTOPS-PROD04,DG-LUX-PROD-VDI,westeurope,null
Sub-Moog-Commercial-EndUserVirtualization-Prod,NLAW2SVPXVDP220,RG-NLAW2-CITRIX-INFRASTRUTURE-VIRTUALDESKTOPS-PROD04,DG-LUX-PROD-VDI,westeurope,null
Sub-Moog-Commercial-EndUserVirtualization-Prod,NLAW2SVPXVDP221,RG-NLAW2-CITRIX-INFRASTRUTURE-VIRTUALDESKTOPS-PROD04,DG-LUX-PROD-VDI,westeurope,null
Sub-Moog-Commercial-EndUserVirtualization-Prod,NLAW2SVPXVDP222,RG-NLAW2-CITRIX-INFRASTRUTURE-VIRTUALDESKTOPS-PROD04,DG-LUX-PROD-VDI,westeurope,null
Sub-Moog-Commercial-EndUserVirtualization-Prod,NLAW2SVPXVDP223,RG-NLAW2-CITRIX-INFRASTRUTURE-VIRTUALDESKTOPS-PROD04,DG-LUX-PROD-VDI,westeurope,null
Sub-Moog-Commercial-EndUserVirtualization-Prod,NLAW2SVPXVDP224,RG-NLAW2-CITRIX-INFRASTRUTURE-VIRTUALDESKTOPS-PROD04,DG-LUX-PROD-VDI,westeurope,null
Sub-Moog-Commercial-EndUserVirtualization-Prod,NLAW2SVPXVDP225,RG-NLAW2-CITRIX-INFRASTRUTURE-VIRTUALDESKTOPS-PROD04,DG-LUX-PROD-VDI,westeurope,null
Sub-Moog-Commercial-EndUserVirtualization-Prod,NLAW2SVPXVDP226,RG-NLAW2-CITRIX-INFRASTRUTURE-VIRTUALDESKTOPS-PROD04,DG-LUX-PROD-VDI,westeurope,null
Sub-Moog-Commercial-EndUserVirtualization-Prod,NLAW2SVPXVDP227,RG-NLAW2-CITRIX-INFRASTRUTURE-VIRTUALDESKTOPS-PROD04,DG-LUX-PROD-VDI,westeurope,null
Sub-Moog-Commercial-EndUserVirtualization-Prod,NLAW2SVPXVDP228,RG-NLAW2-CITRIX-INFRASTRUTURE-VIRTUALDESKTOPS-PROD04,DG-LUX-PROD-VDI,westeurope,null
Sub-Moog-Commercial-EndUserVirtualization-Prod,NLAW2SVPXVDP229,RG-NLAW2-CITRIX-INFRASTRUTURE-VIRTUALDESKTOPS-PROD04,DG-LUX-PROD-VDI,westeurope,null
Sub-Moog-Commercial-EndUserVirtualization-Prod,NLAW2SVPXVDP230,RG-NLAW2-CITRIX-INFRASTRUTURE-VIRTUALDESKTOPS-PROD04,DG-LUX-PROD-VDI,westeurope,null
Sub-Moog-Commercial-EndUserVirtualization-Prod,NLAW2SVPXVDP231,RG-NLAW2-CITRIX-INFRASTRUTURE-VIRTUALDESKTOPS-PROD04,DG-LUX-PROD-VDI,westeurope,null
Sub-Moog-Commercial-EndUserVirtualization-Prod,NLAW2SVPXVDP232,RG-NLAW2-CITRIX-INFRASTRUTURE-VIRTUALDESKTOPS-PROD04,DG-LUX-PROD-VDI,westeurope,null
Sub-Moog-Commercial-EndUserVirtualization-Prod,NLAW2SVPXVDP233,RG-NLAW2-CITRIX-INFRASTRUTURE-VIRTUALDESKTOPS-PROD04,DG-LUX-PROD-VDI,westeurope,null
Sub-Moog-Commercial-EndUserVirtualization-Prod,NLAW2SVPXVDP234,RG-NLAW2-CITRIX-INFRASTRUTURE-VIRTUALDESKTOPS-PROD04,DG-LUX-PROD-VDI,westeurope,null
Sub-Moog-Commercial-EndUserVirtualization-Prod,NLAW2SVPXVDP235,RG-NLAW2-CITRIX-INFRASTRUTURE-VIRTUALDESKTOPS-PROD04,DG-LUX-PROD-VDI,westeurope,null
Sub-Moog-Commercial-EndUserVirtualization-Prod,NLAW2SVPXVDP236,RG-NLAW2-CITRIX-INFRASTRUTURE-VIRTUALDESKTOPS-PROD04,DG-LUX-PROD-VDI,westeurope,null
Sub-Moog-Commercial-EndUserVirtualization-Prod,NLAW2SVPXVDP237,RG-NLAW2-CITRIX-INFRASTRUTURE-VIRTUALDESKTOPS-PROD04,DG-LUX-PROD-VDI,westeurope,null
Sub-Moog-Commercial-EndUserVirtualization-Prod,NLAW2SVPXVDP238,RG-NLAW2-CITRIX-INFRASTRUTURE-VIRTUALDESKTOPS-PROD04,DG-LUX-PROD-VDI,westeurope,null
Sub-Moog-Commercial-EndUserVirtualization-Prod,NLAW2SVPXVDP240,RG-NLAW2-CITRIX-INFRASTRUTURE-VIRTUALDESKTOPS-PROD04,DG-LUX-PROD-VDI,westeurope,null
Sub-Moog-Commercial-EndUserVirtualization-Prod,NLAW2SVPXVDP242,RG-NLAW2-CITRIX-INFRASTRUTURE-VIRTUALDESKTOPS-PROD04,DG-LUX-PROD-VDI,westeurope,null
Sub-Moog-Commercial-EndUserVirtualization-Prod,NLAW2SVPXVDP243,RG-NLAW2-CITRIX-INFRASTRUTURE-VIRTUALDESKTOPS-PROD04,DG-LUX-PROD-VDI,westeurope,null
Sub-Moog-Commercial-EndUserVirtualization-Prod,NLAW2SVPXVDP244,RG-NLAW2-CITRIX-INFRASTRUTURE-VIRTUALDESKTOPS-PROD04,DG-LUX-PROD-VDI,westeurope,null
Sub-Moog-Commercial-EndUserVirtualization-Prod,NLAW2SVPXVDP245,RG-NLAW2-CITRIX-INFRASTRUTURE-VIRTUALDESKTOPS-PROD04,DG-LUX-PROD-VDI,westeurope,null
Sub-Moog-Commercial-EndUserVirtualization-Prod,NLAW2SVPXVDP246,RG-NLAW2-CITRIX-INFRASTRUTURE-VIRTUALDESKTOPS-PROD04,DG-LUX-PROD-VDI,westeurope,null
Sub-Moog-Commercial-EndUserVirtualization-Prod,NLAW2SVPXVDP248,RG-NLAW2-CITRIX-INFRASTRUTURE-VIRTUALDESKTOPS-PROD04,DG-LUX-PROD-VDI,westeurope,null
Sub-Moog-Commercial-EndUserVirtualization-Prod,NLAW2SVPXVDP249,RG-NLAW2-CITRIX-INFRASTRUTURE-VIRTUALDESKTOPS-PROD04,SCCM,westeurope,null
Sub-Moog-Commercial-EndUserVirtualization-Prod,NLAW2SVPXSHD002,RG-NLAW2-CITRIX-INFRASTRUTURE-VIRTUALDESKTOPS-PROD05,None,westeurope,null
Sub-Moog-Commercial-EndUserVirtualization-Prod,NLAW2SVPXSHD003,RG-NLAW2-CITRIX-INFRASTRUTURE-VIRTUALDESKTOPS-PROD05,None,westeurope,null
Sub-Moog-Commercial-EndUserVirtualization-Prod,NLAW2SVPXSHD004,RG-NLAW2-CITRIX-INFRASTRUTURE-VIRTUALDESKTOPS-PROD05,None,westeurope,null
Sub-Moog-Commercial-EndUserVirtualization-Prod,NLAW2SVPXSHD007,RG-NLAW2-CITRIX-INFRASTRUTURE-VIRTUALDESKTOPS-PROD05,None,westeurope,null
Sub-Moog-Commercial-EndUserVirtualization-Prod,NLAW2SVPXSHD008,RG-NLAW2-CITRIX-INFRASTRUTURE-VIRTUALDESKTOPS-PROD05,None,westeurope,null
Sub-Moog-Commercial-EndUserVirtualization-Prod,NLAW2SVUXSHD005,RG-NLAW2-CITRIX-INFRASTRUTURE-VIRTUALDESKTOPS-PROD05,None,westeurope,null
Sub-Moog-Commercial-EndUserVirtualization-Prod,NLAW2SVUXSHD006,RG-NLAW2-CITRIX-INFRASTRUTURE-VIRTUALDESKTOPS-PROD05,None,westeurope,null
Sub-Moog-Commercial-EndUserVirtualization-Prod,NLAW2SVUXSHD007,RG-NLAW2-CITRIX-INFRASTRUTURE-VIRTUALDESKTOPS-PROD05,None,westeurope,null
Sub-Moog-Commercial-EndUserVirtualization-Prod,nlaw2citrixtest,RG-NLAW2-CITRIXTROUBLESHOOT,SCCM,westeurope,null
Sub-Moog-Core-Networking,usae2pcxadm01,RG-USAE2-NETWORKING-CITRIXADC-ADM-AGENT,SLOW1-Tue-Prod,eastus2,null
Sub-Moog-Core-Networking,usae2pcxadc01,RG-USAE2-NETWORKING-CITRIXADC-NETSCALER,Appliance,eastus2,null
Sub-Moog-Core-Networking,usae2pcxadc02,RG-USAE2-NETWORKING-CITRIXADC-NETSCALER,Appliance,eastus2,null
Sub-Moog-Core-Networking,usae2pcnpfw01,RG-USAE2-NETWORKING-CORE-FIREWALL-HUB,Appliance,eastus2,null
Sub-Moog-Core-Networking,usae2pcnpfw02,RG-USAE2-NETWORKING-CORE-FIREWALL-HUB,Appliance,eastus2,null
Sub-Moog-Core-Networking,usae2pcnvce01,RG-USAE2-NETWORKING-CORE-VCE-HUB,Appliance,eastus2,null
Sub-Moog-Core-Networking,usae2pcnvce02,RG-USAE2-NETWORKING-CORE-VCE-HUB,Appliance,eastus2,null
Sub-Moog-Core-Networking,nlaw2pcxadm01,RG-NLAW2-NETWORKING-CITRIXADC-ADM-AGENT,Appliance,westeurope,null
Sub-Moog-Core-Networking,nlaw2pcxadc01,RG-NLAW2-NETWORKING-CITRIXADC-NETSCALER,Appliance,westeurope,null
Sub-Moog-Core-Networking,nlaw2pcxadc02,RG-NLAW2-NETWORKING-CITRIXADC-NETSCALER,Appliance,westeurope,null
Sub-Moog-Core-Networking,nlaw2pcnpfw01,RG-NLAW2-NETWORKING-CORE-FIREWALL-HUB,Appliance,westeurope,null
Sub-Moog-Core-Networking,nlaw2pcnpfw02,RG-NLAW2-NETWORKING-CORE-FIREWALL-HUB,Appliance,westeurope,null
Sub-Moog-Core-Networking,nlaw2pcnvce01,RG-NLAW2-NETWORKING-CORE-VCE-HUB,Appliance,westeurope,null
Sub-Moog-Core-Networking,nlaw2pcnvce02,RG-NLAW2-NETWORKING-CORE-VCE-HUB,Appliance,westeurope,null
Sub-Moog-Core-Networking,nlaw2ppauid01,RG-NLAW2-NETWORKING-PALOALTO-USERIDAGENT,FAST2-Sun-Prod,westeurope,Fast2-NLAW2-Core-Networking
Sub-Moog-Core-Networking,nlaw2ppauid02,RG-NLAW2-NETWORKING-PALOALTO-USERIDAGENT,FAST2-Sun-Prod,westeurope,Fast2-NLAW2-Core-Networking
Sub-Moog-Core-Networking,sgaz1pcxadm01,RG-SGAZ1-NETWORKING-CITRIXADC-ADM-AGENT,Appliance,southeastasia,null
Sub-Moog-Core-Networking,sgaz1pcxadc01,RG-SGAZ1-NETWORKING-CITRIXADC-NETSCALER,Appliance,southeastasia,null
Sub-Moog-Core-Networking,sgaz1pcxadc02,RG-SGAZ1-NETWORKING-CITRIXADC-NETSCALER,Appliance,southeastasia,null
Sub-Moog-Core-Networking,sgaz1pcnpfw01,RG-SGAZ1-NETWORKING-CORE-FIREWALL-HUB,Appliance,southeastasia,null
Sub-Moog-Core-Networking,sgaz1pcnpfw02,RG-SGAZ1-NETWORKING-CORE-FIREWALL-HUB,Appliance,southeastasia,null
Sub-Moog-Core-Networking,sgaz1pcnvce01,RG-SGAZ1-NETWORKING-CORE-VCE-HUB,Appliance,southeastasia,null
Sub-Moog-Core-Networking,sgaz1pcnvce02,RG-SGAZ1-NETWORKING-CORE-VCE-HUB,Appliance,southeastasia,null
Sub-Moog-Core-Networking,sgaz1svcntest,RG-SGAZ1-NETWORKING-NETWORK-TEST,None,southeastasia,null
Sub-Moog-Core-Networking,gbaz1pcnpfw01,RG-GBAZ1-CORE-NETWORKING-FIREWALL-HUB,Appliance,uksouth,null
Sub-Moog-Core-Networking,gbaz1pcnpfw02,RG-GBAZ1-CORE-NETWORKING-FIREWALL-HUB,Appliance,uksouth,null
Sub-Moog-Core-Networking,gbaz1pcnvce01,RG-GBAZ1-CORE-NETWORKING-VCE-HUB,Appliance,uksouth,null
Sub-Moog-Core-Networking,gbaz1pcnvce02,RG-GBAZ1-CORE-NETWORKING-VCE-HUB,Appliance,uksouth,null
Sub-Moog-Core-Networking,gbaz2pcnpfw01,RG-GBAZ2-CORE-NETWORKING-FIREWALL-HUB,Appliance,ukwest,null
Sub-Moog-Core-Networking,gbaz2pcnpfw02,RG-GBAZ2-CORE-NETWORKING-FIREWALL-HUB,Appliance,ukwest,null
Sub-Moog-Core-Networking,gbaz2pcnvce01,RG-GBAZ2-CORE-NETWORKING-VCE-HUB,Appliance,ukwest,null
Sub-Moog-Core-Networking,gbaz2pcnvce02,RG-GBAZ2-CORE-NETWORKING-VCE-HUB,Appliance,ukwest,null
Sub-Moog-Core-Networking,deaz1pcnpfw01,RG-DEAZ1-NETWORKING-CORE-FIREWALL-HUB,Appliance,germanywestcentral,null
Sub-Moog-Core-Networking,deaz1pcnpfw02,RG-DEAZ1-NETWORKING-CORE-FIREWALL-HUB,Appliance,germanywestcentral,null
Sub-Moog-Core-Networking,deaz1pcnvce01,RG-DEAZ1-NETWORKING-CORE-VCE-HUB,Appliance,germanywestcentral,null
Sub-Moog-Core-Networking,deaz1pcnvce02,RG-DEAZ1-NETWORKING-CORE-VCE-HUB,Appliance,germanywestcentral,null
Sub-Moog-Core-Identity,nlaw2piedc01,RG-NLAW2-IDENTITY-DOMAINCONTROLLER-IE-PROD,SCCM,westeurope,null
Sub-Moog-Core-Identity,nlaw2pnldc01,RG-NLAW2-IDENTITY-DOMAINCONTROLLER-NL-PROD,SCCM,westeurope,null
Sub-Moog-Core-Security,usae2psecbtbi03,RG-USAE2-SECURITY-BEYONDTRUST-BEYONDINSIGHT,Appliance,eastus2,null
Sub-Moog-Core-Security,usae2psecbtbi04,RG-USAE2-SECURITY-BEYONDTRUST-BEYONDINSIGHT,Appliance,eastus2,null
Sub-Moog-Core-Security,usae2psecbtjb01,RG-USAE2-SECURITY-BEYONDTRUST-MANAGEMENT,SLOW3-Sun-Prod,eastus2,Slow3-USAE2-Core-Security
Sub-Moog-Core-Security,usae2psecbtpmul01,RG-USAE2-SECURITY-BEYONDTRUST-PRIVILEGE-MGMT,SLOW1-Tue-Prod,eastus2,null
Sub-Moog-Core-Security,usae2psecbtpmul02,RG-USAE2-SECURITY-BEYONDTRUST-PRIVILEGE-MGMT,SLOW1-Tue-Prod,eastus2,null
Sub-Moog-Core-Security,usae2psecbtpmul03,RG-USAE2-SECURITY-BEYONDTRUST-PRIVILEGE-MGMT,SLOW1-Tue-Prod,eastus2,null
Sub-Moog-Core-Security,usae2psecbtrs01,RG-USAE2-SECURITY-BEYONDTRUST-REMOTESUPPORT,Appliance,eastus2,null
Sub-Moog-Core-Security,usae2psecbtrs02,RG-USAE2-SECURITY-BEYONDTRUST-REMOTESUPPORT,Appliance,eastus2,null
Sub-Moog-Core-Security,usae2psecbtdb01,RG-USAE2-SECURITY-BEYONDTRUST-SQL,SLOW2-Thur-Prod,eastus2,null
Sub-Moog-Core-Security,usae2psecbtdb02,RG-USAE2-SECURITY-BEYONDTRUST-SQL,SLOW3-Sun-Prod,eastus2,Slow3-USAE2-Core-Security
Sub-Moog-Core-Security,usae2svpabrkr01,RG-USAE2-SECURITY-CORTEX-XDR,Appliance,eastus2,null
Sub-Moog-Core-Security,usae2pentrcon01,RG-USAE2-SECURITY-ENTRACONNECT,SLOW3-Sun-Prod,eastus2,Slow3-USAE2-Core-Security
Sub-Moog-Core-Security,usae2dsecisxs01,RG-USAE2-SECURITY-IVANTI-SXS-APPLICATION-DEV,SCCM,eastus2,null
Sub-Moog-Core-Security,usae2psecisxs01,RG-USAE2-SECURITY-IVANTI-SXS-APPLICATION,SCCM,eastus2,null
Sub-Moog-Core-Security,usae2psecisxs02,RG-USAE2-SECURITY-IVANTI-SXS-APPLICATION,SCCM,eastus2,null
Sub-Moog-Core-Security,usae2psecisxs03,RG-USAE2-SECURITY-IVANTI-SXS-APPLICATION,SCCM,eastus2,null
Sub-Moog-Core-Security,usae2pseclrwc01,RG-USAE2-SECURITY-LOGRHYTHM-WINDOWSEVENTCOLLECTOR,SLOW3-Sun-Prod,eastus2,Slow3-USAE2-Core-Security
Sub-Moog-Core-Security,usae2psecrapd01,RG-USAE2-SECURITY-RAPID7-SCANNER,SLOW1-Tue-Prod,eastus2,null
Sub-Moog-Core-Security,usaz2psecbtdb01,RG-USAZ2-SECURITY-BEYONDTRUST-SQL-DR,SLOW2-Thur-Prod,centralus,null
Sub-Moog-Core-Security,usaz2psecbtdb02,RG-USAZ2-SECURITY-BEYONDTRUST-SQL-DR,SLOW3-Sun-Prod,centralus,Slow3-USAZ2-Core-Security
Sub-Moog-Core-Security,nlaw2psecbtbi01,RG-NLAW2-SECURITY-BEYONDTRUST-BEYONDINSIGHT,Appliance,westeurope,null
Sub-Moog-Core-Security,nlaw2psecbtbi02,RG-NLAW2-SECURITY-BEYONDTRUST-BEYONDINSIGHT,Appliance,westeurope,null
Sub-Moog-Core-Security,nlaw2pbtrs01,RG-NLAW2-SECURITY-BEYONDTRUST-REMOTESUPPORT,Appliance,westeurope,null
Sub-Moog-Core-Security,nlaw2psecbtdb01,RG-NLAW2-SECURITY-BEYONDTRUST-SQL,SLOW3-Sun-Prod,westeurope,Slow3-NLAW2-Core-Security
Sub-Moog-Core-Security,nlaw2psecisxs01,RG-NLAW2-SECURITY-IVANTI-SXS-APPLICATION,SLOW3-Sun-Prod,westeurope,Slow3-USAE2-Core-Security
Sub-Moog-Core-Security,nlaw2psecisxs02,RG-NLAW2-SECURITY-IVANTI-SXS-APPLICATION,SLOW3-Sun-Prod,westeurope,Slow3-USAE2-Core-Security
Sub-Moog-Core-Security,sgaz1psecbtbi01,RG-SGAZ1-SECURITY-BEYONDTRUST-BEYONDINSIGHT,Appliance,southeastasia,null
Sub-Moog-Core-Security,sgaz1psecbtbi02,RG-SGAZ1-SECURITY-BEYONDTRUST-BEYONDINSIGHT,Appliance,southeastasia,null
Sub-Moog-Core-Security,sgaz1pbtrs01,RG-SGAZ1-SECURITY-BEYONDTRUST-REMOTESUPPORT,Appliance,southeastasia,null
Sub-Moog-Core-Security,sgaz1psecbtdb01,RG-SGAZ1-SECURITY-BEYONDTRUST-SQL,SLOW2-Thur-Prod,southeastasia,Slow2-SGAZ1-Core-Security
Sub-Moog-Core-Security,sgaz1psecisxs01,RG-SGAZ1-SECURITY-IVANTI-SXS-APPLICATION,SCCM,southeastasia,null
Sub-Moog-Core-Security,sgaz1psecisxs02,RG-SGAZ1-SECURITY-IVANTI-SXS-APPLICATION,SCCM,southeastasia,null
Sub-Moog-Core-Security,sgaz1psecrapd01,RG-SGAZ1-SECURITY-RAPID7-SCANNER,SLOW1-Tue-Prod,southeastasia,Slow1-SGAZ1-Core-Security
Sub-Moog-Core-Security,gbaz1svbtjmpv01,RG-GBAZ1-SECURITY-PENTEST-JUMPBOX,FAST1-Thur-NonProd,uksouth,null
Sub-Moog-Core-Security,gbaz1nkalipoc01,RG-GBAZ1-SECURITY-PENTEST,SLOW3-Sun-Prod,uksouth,Slow3-USAE2-Core-Security
Visual Studio Enterprise Subscription,NewVM1,NEWVM1_GROUP,SCCM,eastus,null
Visual Studio Enterprise Subscription,vm-edge-device-01,RG-EDGE-VMS,None,eastus,null
Visual Studio Professional-abonnement,Marcel-Test-VM,MARCEL-TEST-VM_GROUP,None,westeurope,null
AlexEnterprise01,vm-novack-ubuntu,NOVACK-DEMO,FAST1-Thur-NonProd,westus3,null
Visual Studio Enterprise Subscription,USAZ2SVWDTEST,RG-USAZ2-WORKDAY-TEST,None,centralus,null
Visual Studio Enterprise Subscription,boglin,RG-BOGLIN,FAST1-Thur-NonProd,eastus,null
Visual Studio Enterprise,MadsDevServer2022,MADSDEVSERVER2022,FAST1-Thur-NonProd,uksouth,null
Visual Studio Enterprise,MadsDevServerUbuntu,MADSSERVERUBUNTU,FAST1-Thur-NonProd,uksouth,null
BillMEnterprise,Billm-Ubuntu-test,BILLMTESTRG,FAST1-Thur-NonProd,eastus2,null
Visual Studio Enterprise Subscription,MadsBotsServerUbuntu,MADSBOTSUBUNTU,FAST1-Thur-NonProd,uksouth,null
Visual Studio Enterprise Subscription,ToolboxTestVM,TOOLBOXTESTGROUP,FAST2-Sun-Prod,uksouth,null
Sub-MoogInno-Aircraft-Convergence-NonProd,cvg-sim-cmp-licenceserver,CVG-SIM-CMP-RG,None,uksouth,null
Sub-MoogInno-Aircraft-Convergence-NonProd,cvg-sim-img-plantsimvm,CVG-SIM-IMG-RG,None,uksouth,null
Sub-Moog-Innovation-DarwinAI-Development,moog-gensynth1-vm-gpu1,MOOG-GENSYNTH1-RSGRP,None,eastus2,null
Sub-Moog-Innovation,ares-dev-vm,ARES-DEV-BACKEND,None,eastus2,null
Sub-Moog-Innovation,vm-woojin-test-2,RG-WOOJIN-TEST,None,eastus2,null
